lat,lng
35.674226,139.690606
35.675726,139.690606
35.677226,139.690606
35.678726,139.690606
35.680226,139.690606
35.681726,139.690606
35.683226,139.690606
35.684726,139.690606
35.686226,139.690606
35.687726,139.690606
35.689226,139.690606
35.690726,139.690606
35.692226,139.690606
35.693726,139.690606
35.695226,139.690606
35.668226,139.6924527
35.669726,139.6924527
35.671226,139.6924527
35.672726,139.6924527
35.674226,139.6924527
35.675726,139.6924527
35.677226,139.6924527
35.678726,139.6924527
35.680226,139.6924527
35.681726,139.6924527
35.683226,139.6924527
35.684726,139.6924527
35.686226,139.6924527
35.687726,139.6924527
35.689226,139.6924527
35.690726,139.6924527
35.692226,139.6924527
35.693726,139.6924527
35.695226,139.6924527
35.696726,139.6924527
35.698226,139.6924527
35.699726,139.6924527
35.663726,139.6942994
35.665226,139.6942994
35.666726,139.6942994
35.668226,139.6942994
35.669726,139.6942994
35.671226,139.6942994
35.672726,139.6942994
35.674226,139.6942994
35.675726,139.6942994
35.677226,139.6942994
35.678726,139.6942994
35.680226,139.6942994
35.681726,139.6942994
35.683226,139.6942994
35.684726,139.6942994
35.686226,139.6942994
35.687726,139.6942994
35.689226,139.6942994
35.690726,139.6942994
35.692226,139.6942994
35.693726,139.6942994
35.695226,139.6942994
35.696726,139.6942994
35.698226,139.6942994
35.699726,139.6942994
35.701226,139.6942994
35.702726,139.6942994
35.704226,139.6942994
35.660726,139.6961462
35.662226,139.6961462
35.663726,139.6961462
35.665226,139.6961462
35.666726,139.6961462
35.668226,139.6961462
35.669726,139.6961462
35.671226,139.6961462
35.672726,139.6961462
35.674226,139.6961462
35.675726,139.6961462
35.677226,139.6961462
35.678726,139.6961462
35.680226,139.6961462
35.681726,139.6961462
35.683226,139.6961462
35.684726,139.6961462
35.686226,139.6961462
35.687726,139.6961462
35.689226,139.6961462
35.690726,139.6961462
35.692226,139.6961462
35.693726,139.6961462
35.695226,139.6961462
35.696726,139.6961462
35.698226,139.6961462
35.699726,139.6961462
35.701226,139.6961462
35.702726,139.6961462
35.704226,139.6961462
35.705726,139.6961462
35.707226,139.6961462
35.657726,139.6979929
35.659226,139.6979929
35.660726,139.6979929
35.662226,139.6979929
35.663726,139.6979929
35.665226,139.6979929
35.666726,139.6979929
35.668226,139.6979929
35.669726,139.6979929
35.671226,139.6979929
35.672726,139.6979929
35.674226,139.6979929
35.675726,139.6979929
35.677226,139.6979929
35.678726,139.6979929
35.680226,139.6979929
35.681726,139.6979929
35.683226,139.6979929
35.684726,139.6979929
35.686226,139.6979929
35.687726,139.6979929
35.689226,139.6979929
35.690726,139.6979929
35.692226,139.6979929
35.693726,139.6979929
35.695226,139.6979929
35.696726,139.6979929
35.698226,139.6979929
35.699726,139.6979929
35.701226,139.6979929
35.702726,139.6979929
35.704226,139.6979929
35.705726,139.6979929
35.707226,139.6979929
35.708726,139.6979929
35.710226,139.6979929
35.656226,139.6998396
35.657726,139.6998396
35.659226,139.6998396
35.660726,139.6998396
35.662226,139.6998396
35.663726,139.6998396
35.665226,139.6998396
35.666726,139.6998396
35.668226,139.6998396
35.669726,139.6998396
35.671226,139.6998396
35.672726,139.6998396
35.674226,139.6998396
35.675726,139.6998396
35.677226,139.6998396
35.678726,139.6998396
35.680226,139.6998396
35.681726,139.6998396
35.683226,139.6998396
35.684726,139.6998396
35.686226,139.6998396
35.687726,139.6998396
35.689226,139.6998396
35.690726,139.6998396
35.692226,139.6998396
35.693726,139.6998396
35.695226,139.6998396
35.696726,139.6998396
35.698226,139.6998396
35.699726,139.6998396
35.701226,139.6998396
35.702726,139.6998396
35.704226,139.6998396
35.705726,139.6998396
35.707226,139.6998396
35.708726,139.6998396
35.710226,139.6998396
35.711726,139.6998396
35.713226,139.6998396
35.653226,139.7016864
35.654726,139.7016864
35.656226,139.7016864
35.657726,139.7016864
35.659226,139.7016864
35.660726,139.7016864
35.662226,139.7016864
35.663726,139.7016864
35.665226,139.7016864
35.666726,139.7016864
35.668226,139.7016864
35.669726,139.7016864
35.671226,139.7016864
35.672726,139.7016864
35.674226,139.7016864
35.675726,139.7016864
35.677226,139.7016864
35.678726,139.7016864
35.680226,139.7016864
35.681726,139.7016864
35.683226,139.7016864
35.684726,139.7016864
35.686226,139.7016864
35.687726,139.7016864
35.689226,139.7016864
35.690726,139.7016864
35.692226,139.7016864
35.693726,139.7016864
35.695226,139.7016864
35.696726,139.7016864
35.698226,139.7016864
35.699726,139.7016864
35.701226,139.7016864
35.702726,139.7016864
35.704226,139.7016864
35.705726,139.7016864
35.707226,139.7016864
35.708726,139.7016864
35.710226,139.7016864
35.711726,139.7016864
35.713226,139.7016864
35.714726,139.7016864
35.651726,139.7035331
35.653226,139.7035331
35.654726,139.7035331
35.656226,139.7035331
35.657726,139.7035331
35.659226,139.7035331
35.660726,139.7035331
35.662226,139.7035331
35.663726,139.7035331
35.665226,139.7035331
35.666726,139.7035331
35.668226,139.7035331
35.669726,139.7035331
35.671226,139.7035331
35.672726,139.7035331
35.674226,139.7035331
35.675726,139.7035331
35.677226,139.7035331
35.678726,139.7035331
35.680226,139.7035331
35.681726,139.7035331
35.683226,139.7035331
35.684726,139.7035331
35.686226,139.7035331
35.687726,139.7035331
35.689226,139.7035331
35.690726,139.7035331
35.692226,139.7035331
35.693726,139.7035331
35.695226,139.7035331
35.696726,139.7035331
35.698226,139.7035331
35.699726,139.7035331
35.701226,139.7035331
35.702726,139.7035331
35.704226,139.7035331
35.705726,139.7035331
35.707226,139.7035331
35.708726,139.7035331
35.710226,139.7035331
35.711726,139.7035331
35.713226,139.7035331
35.714726,139.7035331
35.716226,139.7035331
35.717726,139.7035331
35.650226,139.7053799
35.651726,139.7053799
35.653226,139.7053799
35.654726,139.7053799
35.656226,139.7053799
35.657726,139.7053799
35.659226,139.7053799
35.660726,139.7053799
35.662226,139.7053799
35.663726,139.7053799
35.665226,139.7053799
35.666726,139.7053799
35.668226,139.7053799
35.669726,139.7053799
35.671226,139.7053799
35.672726,139.7053799
35.674226,139.7053799
35.675726,139.7053799
35.677226,139.7053799
35.678726,139.7053799
35.680226,139.7053799
35.681726,139.7053799
35.683226,139.7053799
35.684726,139.7053799
35.686226,139.7053799
35.687726,139.7053799
35.689226,139.7053799
35.690726,139.7053799
35.692226,139.7053799
35.693726,139.7053799
35.695226,139.7053799
35.696726,139.7053799
35.698226,139.7053799
35.699726,139.7053799
35.701226,139.7053799
35.702726,139.7053799
35.704226,139.7053799
35.705726,139.7053799
35.707226,139.7053799
35.708726,139.7053799
35.710226,139.7053799
35.711726,139.7053799
35.713226,139.7053799
35.714726,139.7053799
35.716226,139.7053799
35.717726,139.7053799
35.719226,139.7053799
35.647226,139.7072266
35.648726,139.7072266
35.650226,139.7072266
35.651726,139.7072266
35.653226,139.7072266
35.654726,139.7072266
35.656226,139.7072266
35.657726,139.7072266
35.659226,139.7072266
35.660726,139.7072266
35.662226,139.7072266
35.663726,139.7072266
35.665226,139.7072266
35.666726,139.7072266
35.668226,139.7072266
35.669726,139.7072266
35.671226,139.7072266
35.672726,139.7072266
35.674226,139.7072266
35.675726,139.7072266
35.677226,139.7072266
35.678726,139.7072266
35.680226,139.7072266
35.681726,139.7072266
35.683226,139.7072266
35.684726,139.7072266
35.686226,139.7072266
35.687726,139.7072266
35.689226,139.7072266
35.690726,139.7072266
35.692226,139.7072266
35.693726,139.7072266
35.695226,139.7072266
35.696726,139.7072266
35.698226,139.7072266
35.699726,139.7072266
35.701226,139.7072266
35.702726,139.7072266
35.704226,139.7072266
35.705726,139.7072266
35.707226,139.7072266
35.708726,139.7072266
35.710226,139.7072266
35.711726,139.7072266
35.713226,139.7072266
35.714726,139.7072266
35.716226,139.7072266
35.717726,139.7072266
35.719226,139.7072266
35.720726,139.7072266
35.645726,139.7090733
35.647226,139.7090733
35.648726,139.7090733
35.650226,139.7090733
35.651726,139.7090733
35.653226,139.7090733
35.654726,139.7090733
35.656226,139.7090733
35.657726,139.7090733
35.659226,139.7090733
35.660726,139.7090733
35.662226,139.7090733
35.663726,139.7090733
35.665226,139.7090733
35.666726,139.7090733
35.668226,139.7090733
35.669726,139.7090733
35.671226,139.7090733
35.672726,139.7090733
35.674226,139.7090733
35.675726,139.7090733
35.677226,139.7090733
35.678726,139.7090733
35.680226,139.7090733
35.681726,139.7090733
35.683226,139.7090733
35.684726,139.7090733
35.686226,139.7090733
35.687726,139.7090733
35.689226,139.7090733
35.690726,139.7090733
35.692226,139.7090733
35.693726,139.7090733
35.695226,139.7090733
35.696726,139.7090733
35.698226,139.7090733
35.699726,139.7090733
35.701226,139.7090733
35.702726,139.7090733
35.704226,139.7090733
35.705726,139.7090733
35.707226,139.7090733
35.708726,139.7090733
35.710226,139.7090733
35.711726,139.7090733
35.713226,139.7090733
35.714726,139.7090733
35.716226,139.7090733
35.717726,139.7090733
35.719226,139.7090733
35.720726,139.7090733
35.722226,139.7090733
35.645726,139.7109201
35.647226,139.7109201
35.648726,139.7109201
35.650226,139.7109201
35.651726,139.7109201
35.653226,139.7109201
35.654726,139.7109201
35.656226,139.7109201
35.657726,139.7109201
35.659226,139.7109201
35.660726,139.7109201
35.662226,139.7109201
35.663726,139.7109201
35.665226,139.7109201
35.666726,139.7109201
35.668226,139.7109201
35.669726,139.7109201
35.671226,139.7109201
35.672726,139.7109201
35.674226,139.7109201
35.675726,139.7109201
35.677226,139.7109201
35.678726,139.7109201
35.680226,139.7109201
35.681726,139.7109201
35.683226,139.7109201
35.684726,139.7109201
35.686226,139.7109201
35.687726,139.7109201
35.689226,139.7109201
35.690726,139.7109201
35.692226,139.7109201
35.693726,139.7109201
35.695226,139.7109201
35.696726,139.7109201
35.698226,139.7109201
35.699726,139.7109201
35.701226,139.7109201
35.702726,139.7109201
35.704226,139.7109201
35.705726,139.7109201
35.707226,139.7109201
35.708726,139.7109201
35.710226,139.7109201
35.711726,139.7109201
35.713226,139.7109201
35.714726,139.7109201
35.716226,139.7109201
35.717726,139.7109201
35.719226,139.7109201
35.720726,139.7109201
35.722226,139.7109201
35.723726,139.7109201
35.644226,139.7127668
35.645726,139.7127668
35.647226,139.7127668
35.648726,139.7127668
35.650226,139.7127668
35.651726,139.7127668
35.653226,139.7127668
35.654726,139.7127668
35.656226,139.7127668
35.657726,139.7127668
35.659226,139.7127668
35.660726,139.7127668
35.662226,139.7127668
35.663726,139.7127668
35.665226,139.7127668
35.666726,139.7127668
35.668226,139.7127668
35.669726,139.7127668
35.671226,139.7127668
35.672726,139.7127668
35.674226,139.7127668
35.675726,139.7127668
35.677226,139.7127668
35.678726,139.7127668
35.680226,139.7127668
35.681726,139.7127668
35.683226,139.7127668
35.684726,139.7127668
35.686226,139.7127668
35.687726,139.7127668
35.689226,139.7127668
35.690726,139.7127668
35.692226,139.7127668
35.693726,139.7127668
35.695226,139.7127668
35.696726,139.7127668
35.698226,139.7127668
35.699726,139.7127668
35.701226,139.7127668
35.702726,139.7127668
35.704226,139.7127668
35.705726,139.7127668
35.707226,139.7127668
35.708726,139.7127668
35.710226,139.7127668
35.711726,139.7127668
35.713226,139.7127668
35.714726,139.7127668
35.716226,139.7127668
35.717726,139.7127668
35.719226,139.7127668
35.720726,139.7127668
35.722226,139.7127668
35.723726,139.7127668
35.725226,139.7127668
35.642726,139.7146135
35.644226,139.7146135
35.645726,139.7146135
35.647226,139.7146135
35.648726,139.7146135
35.650226,139.7146135
35.651726,139.7146135
35.653226,139.7146135
35.654726,139.7146135
35.656226,139.7146135
35.657726,139.7146135
35.659226,139.7146135
35.660726,139.7146135
35.662226,139.7146135
35.663726,139.7146135
35.665226,139.7146135
35.666726,139.7146135
35.668226,139.7146135
35.669726,139.7146135
35.671226,139.7146135
35.672726,139.7146135
35.674226,139.7146135
35.675726,139.7146135
35.677226,139.7146135
35.678726,139.7146135
35.680226,139.7146135
35.681726,139.7146135
35.683226,139.7146135
35.684726,139.7146135
35.686226,139.7146135
35.687726,139.7146135
35.689226,139.7146135
35.690726,139.7146135
35.692226,139.7146135
35.693726,139.7146135
35.695226,139.7146135
35.696726,139.7146135
35.698226,139.7146135
35.699726,139.7146135
35.701226,139.7146135
35.702726,139.7146135
35.704226,139.7146135
35.705726,139.7146135
35.707226,139.7146135
35.708726,139.7146135
35.710226,139.7146135
35.711726,139.7146135
35.713226,139.7146135
35.714726,139.7146135
35.716226,139.7146135
35.717726,139.7146135
35.719226,139.7146135
35.720726,139.7146135
35.722226,139.7146135
35.723726,139.7146135
35.725226,139.7146135
35.726726,139.7146135
35.641226,139.7164603
35.642726,139.7164603
35.644226,139.7164603
35.645726,139.7164603
35.647226,139.7164603
35.648726,139.7164603
35.650226,139.7164603
35.651726,139.7164603
35.653226,139.7164603
35.654726,139.7164603
35.656226,139.7164603
35.657726,139.7164603
35.659226,139.7164603
35.660726,139.7164603
35.662226,139.7164603
35.663726,139.7164603
35.665226,139.7164603
35.666726,139.7164603
35.668226,139.7164603
35.669726,139.7164603
35.671226,139.7164603
35.672726,139.7164603
35.674226,139.7164603
35.675726,139.7164603
35.677226,139.7164603
35.678726,139.7164603
35.680226,139.7164603
35.681726,139.7164603
35.683226,139.7164603
35.684726,139.7164603
35.686226,139.7164603
35.687726,139.7164603
35.689226,139.7164603
35.690726,139.7164603
35.692226,139.7164603
35.693726,139.7164603
35.695226,139.7164603
35.696726,139.7164603
35.698226,139.7164603
35.699726,139.7164603
35.701226,139.7164603
35.702726,139.7164603
35.704226,139.7164603
35.705726,139.7164603
35.707226,139.7164603
35.708726,139.7164603
35.710226,139.7164603
35.711726,139.7164603
35.713226,139.7164603
35.714726,139.7164603
35.716226,139.7164603
35.717726,139.7164603
35.719226,139.7164603
35.720726,139.7164603
35.722226,139.7164603
35.723726,139.7164603
35.725226,139.7164603
35.726726,139.7164603
35.639726,139.718307
35.641226,139.718307
35.642726,139.718307
35.644226,139.718307
35.645726,139.718307
35.647226,139.718307
35.648726,139.718307
35.650226,139.718307
35.651726,139.718307
35.653226,139.718307
35.654726,139.718307
35.656226,139.718307
35.657726,139.718307
35.659226,139.718307
35.660726,139.718307
35.662226,139.718307
35.663726,139.718307
35.665226,139.718307
35.666726,139.718307
35.668226,139.718307
35.669726,139.718307
35.671226,139.718307
35.672726,139.718307
35.674226,139.718307
35.675726,139.718307
35.677226,139.718307
35.678726,139.718307
35.680226,139.718307
35.681726,139.718307
35.683226,139.718307
35.684726,139.718307
35.686226,139.718307
35.687726,139.718307
35.689226,139.718307
35.690726,139.718307
35.692226,139.718307
35.693726,139.718307
35.695226,139.718307
35.696726,139.718307
35.698226,139.718307
35.699726,139.718307
35.701226,139.718307
35.702726,139.718307
35.704226,139.718307
35.705726,139.718307
35.707226,139.718307
35.708726,139.718307
35.710226,139.718307
35.711726,139.718307
35.713226,139.718307
35.714726,139.718307
35.716226,139.718307
35.717726,139.718307
35.719226,139.718307
35.720726,139.718307
35.722226,139.718307
35.723726,139.718307
35.725226,139.718307
35.726726,139.718307
35.728226,139.718307
35.639726,139.7201537
35.641226,139.7201537
35.642726,139.7201537
35.644226,139.7201537
35.645726,139.7201537
35.647226,139.7201537
35.648726,139.7201537
35.650226,139.7201537
35.651726,139.7201537
35.653226,139.7201537
35.654726,139.7201537
35.656226,139.7201537
35.657726,139.7201537
35.659226,139.7201537
35.660726,139.7201537
35.662226,139.7201537
35.663726,139.7201537
35.665226,139.7201537
35.666726,139.7201537
35.668226,139.7201537
35.669726,139.7201537
35.671226,139.7201537
35.672726,139.7201537
35.674226,139.7201537
35.675726,139.7201537
35.677226,139.7201537
35.678726,139.7201537
35.680226,139.7201537
35.681726,139.7201537
35.683226,139.7201537
35.684726,139.7201537
35.686226,139.7201537
35.687726,139.7201537
35.689226,139.7201537
35.690726,139.7201537
35.692226,139.7201537
35.693726,139.7201537
35.695226,139.7201537
35.696726,139.7201537
35.698226,139.7201537
35.699726,139.7201537
35.701226,139.7201537
35.702726,139.7201537
35.704226,139.7201537
35.705726,139.7201537
35.707226,139.7201537
35.708726,139.7201537
35.710226,139.7201537
35.711726,139.7201537
35.713226,139.7201537
35.714726,139.7201537
35.716226,139.7201537
35.717726,139.7201537
35.719226,139.7201537
35.720726,139.7201537
35.722226,139.7201537
35.723726,139.7201537
35.725226,139.7201537
35.726726,139.7201537
35.728226,139.7201537
35.729726,139.7201537
35.638226,139.7220005
35.639726,139.7220005
35.641226,139.7220005
35.642726,139.7220005
35.644226,139.7220005
35.645726,139.7220005
35.647226,139.7220005
35.648726,139.7220005
35.650226,139.7220005
35.651726,139.7220005
35.653226,139.7220005
35.654726,139.7220005
35.656226,139.7220005
35.657726,139.7220005
35.659226,139.7220005
35.660726,139.7220005
35.662226,139.7220005
35.663726,139.7220005
35.665226,139.7220005
35.666726,139.7220005
35.668226,139.7220005
35.669726,139.7220005
35.671226,139.7220005
35.672726,139.7220005
35.674226,139.7220005
35.675726,139.7220005
35.677226,139.7220005
35.678726,139.7220005
35.680226,139.7220005
35.681726,139.7220005
35.683226,139.7220005
35.684726,139.7220005
35.686226,139.7220005
35.687726,139.7220005
35.689226,139.7220005
35.690726,139.7220005
35.692226,139.7220005
35.693726,139.7220005
35.695226,139.7220005
35.696726,139.7220005
35.698226,139.7220005
35.699726,139.7220005
35.701226,139.7220005
35.702726,139.7220005
35.704226,139.7220005
35.705726,139.7220005
35.707226,139.7220005
35.708726,139.7220005
35.710226,139.7220005
35.711726,139.7220005
35.713226,139.7220005
35.714726,139.7220005
35.716226,139.7220005
35.717726,139.7220005
35.719226,139.7220005
35.720726,139.7220005
35.722226,139.7220005
35.723726,139.7220005
35.725226,139.7220005
35.726726,139.7220005
35.728226,139.7220005
35.729726,139.7220005
35.638226,139.7238472
35.639726,139.7238472
35.641226,139.7238472
35.642726,139.7238472
35.644226,139.7238472
35.645726,139.7238472
35.647226,139.7238472
35.648726,139.7238472
35.650226,139.7238472
35.651726,139.7238472
35.653226,139.7238472
35.654726,139.7238472
35.656226,139.7238472
35.657726,139.7238472
35.659226,139.7238472
35.660726,139.7238472
35.662226,139.7238472
35.663726,139.7238472
35.665226,139.7238472
35.666726,139.7238472
35.668226,139.7238472
35.669726,139.7238472
35.671226,139.7238472
35.672726,139.7238472
35.674226,139.7238472
35.675726,139.7238472
35.677226,139.7238472
35.678726,139.7238472
35.680226,139.7238472
35.681726,139.7238472
35.683226,139.7238472
35.684726,139.7238472
35.686226,139.7238472
35.687726,139.7238472
35.689226,139.7238472
35.690726,139.7238472
35.692226,139.7238472
35.693726,139.7238472
35.695226,139.7238472
35.696726,139.7238472
35.698226,139.7238472
35.699726,139.7238472
35.701226,139.7238472
35.702726,139.7238472
35.704226,139.7238472
35.705726,139.7238472
35.707226,139.7238472
35.708726,139.7238472
35.710226,139.7238472
35.711726,139.7238472
35.713226,139.7238472
35.714726,139.7238472
35.716226,139.7238472
35.717726,139.7238472
35.719226,139.7238472
35.720726,139.7238472
35.722226,139.7238472
35.723726,139.7238472
35.725226,139.7238472
35.726726,139.7238472
35.728226,139.7238472
35.729726,139.7238472
35.731226,139.7238472
35.636726,139.7256939
35.638226,139.7256939
35.639726,139.7256939
35.641226,139.7256939
35.642726,139.7256939
35.644226,139.7256939
35.645726,139.7256939
35.647226,139.7256939
35.648726,139.7256939
35.650226,139.7256939
35.651726,139.7256939
35.653226,139.7256939
35.654726,139.7256939
35.656226,139.7256939
35.657726,139.7256939
35.659226,139.7256939
35.660726,139.7256939
35.662226,139.7256939
35.663726,139.7256939
35.665226,139.7256939
35.666726,139.7256939
35.668226,139.7256939
35.669726,139.7256939
35.671226,139.7256939
35.672726,139.7256939
35.674226,139.7256939
35.675726,139.7256939
35.677226,139.7256939
35.678726,139.7256939
35.680226,139.7256939
35.681726,139.7256939
35.683226,139.7256939
35.684726,139.7256939
35.686226,139.7256939
35.687726,139.7256939
35.689226,139.7256939
35.690726,139.7256939
35.692226,139.7256939
35.693726,139.7256939
35.695226,139.7256939
35.696726,139.7256939
35.698226,139.7256939
35.699726,139.7256939
35.701226,139.7256939
35.702726,139.7256939
35.704226,139.7256939
35.705726,139.7256939
35.707226,139.7256939
35.708726,139.7256939
35.710226,139.7256939
35.711726,139.7256939
35.713226,139.7256939
35.714726,139.7256939
35.716226,139.7256939
35.717726,139.7256939
35.719226,139.7256939
35.720726,139.7256939
35.722226,139.7256939
35.723726,139.7256939
35.725226,139.7256939
35.726726,139.7256939
35.728226,139.7256939
35.729726,139.7256939
35.731226,139.7256939
35.636726,139.7275407
35.638226,139.7275407
35.639726,139.7275407
35.641226,139.7275407
35.642726,139.7275407
35.644226,139.7275407
35.645726,139.7275407
35.647226,139.7275407
35.648726,139.7275407
35.650226,139.7275407
35.651726,139.7275407
35.653226,139.7275407
35.654726,139.7275407
35.656226,139.7275407
35.657726,139.7275407
35.659226,139.7275407
35.660726,139.7275407
35.662226,139.7275407
35.663726,139.7275407
35.665226,139.7275407
35.666726,139.7275407
35.668226,139.7275407
35.669726,139.7275407
35.671226,139.7275407
35.672726,139.7275407
35.674226,139.7275407
35.675726,139.7275407
35.677226,139.7275407
35.678726,139.7275407
35.680226,139.7275407
35.681726,139.7275407
35.683226,139.7275407
35.684726,139.7275407
35.686226,139.7275407
35.687726,139.7275407
35.689226,139.7275407
35.690726,139.7275407
35.692226,139.7275407
35.693726,139.7275407
35.695226,139.7275407
35.696726,139.7275407
35.698226,139.7275407
35.699726,139.7275407
35.701226,139.7275407
35.702726,139.7275407
35.704226,139.7275407
35.705726,139.7275407
35.707226,139.7275407
35.708726,139.7275407
35.710226,139.7275407
35.711726,139.7275407
35.713226,139.7275407
35.714726,139.7275407
35.716226,139.7275407
35.717726,139.7275407
35.719226,139.7275407
35.720726,139.7275407
35.722226,139.7275407
35.723726,139.7275407
35.725226,139.7275407
35.726726,139.7275407
35.728226,139.7275407
35.729726,139.7275407
35.731226,139.7275407
35.732726,139.7275407
35.635226,139.7293874
35.636726,139.7293874
35.638226,139.7293874
35.639726,139.7293874
35.641226,139.7293874
35.642726,139.7293874
35.644226,139.7293874
35.645726,139.7293874
35.647226,139.7293874
35.648726,139.7293874
35.650226,139.7293874
35.651726,139.7293874
35.653226,139.7293874
35.654726,139.7293874
35.656226,139.7293874
35.657726,139.7293874
35.659226,139.7293874
35.660726,139.7293874
35.662226,139.7293874
35.663726,139.7293874
35.665226,139.7293874
35.666726,139.7293874
35.668226,139.7293874
35.669726,139.7293874
35.671226,139.7293874
35.672726,139.7293874
35.674226,139.7293874
35.675726,139.7293874
35.677226,139.7293874
35.678726,139.7293874
35.680226,139.7293874
35.681726,139.7293874
35.683226,139.7293874
35.684726,139.7293874
35.686226,139.7293874
35.687726,139.7293874
35.689226,139.7293874
35.690726,139.7293874
35.692226,139.7293874
35.693726,139.7293874
35.695226,139.7293874
35.696726,139.7293874
35.698226,139.7293874
35.699726,139.7293874
35.701226,139.7293874
35.702726,139.7293874
35.704226,139.7293874
35.705726,139.7293874
35.707226,139.7293874
35.708726,139.7293874
35.710226,139.7293874
35.711726,139.7293874
35.713226,139.7293874
35.714726,139.7293874
35.716226,139.7293874
35.717726,139.7293874
35.719226,139.7293874
35.720726,139.7293874
35.722226,139.7293874
35.723726,139.7293874
35.725226,139.7293874
35.726726,139.7293874
35.728226,139.7293874
35.729726,139.7293874
35.731226,139.7293874
35.732726,139.7293874
35.635226,139.7312342
35.636726,139.7312342
35.638226,139.7312342
35.639726,139.7312342
35.641226,139.7312342
35.642726,139.7312342
35.644226,139.7312342
35.645726,139.7312342
35.647226,139.7312342
35.648726,139.7312342
35.650226,139.7312342
35.651726,139.7312342
35.653226,139.7312342
35.654726,139.7312342
35.656226,139.7312342
35.657726,139.7312342
35.659226,139.7312342
35.660726,139.7312342
35.662226,139.7312342
35.663726,139.7312342
35.665226,139.7312342
35.666726,139.7312342
35.668226,139.7312342
35.669726,139.7312342
35.671226,139.7312342
35.672726,139.7312342
35.674226,139.7312342
35.675726,139.7312342
35.677226,139.7312342
35.678726,139.7312342
35.680226,139.7312342
35.681726,139.7312342
35.683226,139.7312342
35.684726,139.7312342
35.686226,139.7312342
35.687726,139.7312342
35.689226,139.7312342
35.690726,139.7312342
35.692226,139.7312342
35.693726,139.7312342
35.695226,139.7312342
35.696726,139.7312342
35.698226,139.7312342
35.699726,139.7312342
35.701226,139.7312342
35.702726,139.7312342
35.704226,139.7312342
35.705726,139.7312342
35.707226,139.7312342
35.708726,139.7312342
35.710226,139.7312342
35.711726,139.7312342
35.713226,139.7312342
35.714726,139.7312342
35.716226,139.7312342
35.717726,139.7312342
35.719226,139.7312342
35.720726,139.7312342
35.722226,139.7312342
35.723726,139.7312342
35.725226,139.7312342
35.726726,139.7312342
35.728226,139.7312342
35.729726,139.7312342
35.731226,139.7312342
35.732726,139.7312342
35.734226,139.7312342
35.633726,139.7330809
35.635226,139.7330809
35.636726,139.7330809
35.638226,139.7330809
35.639726,139.7330809
35.641226,139.7330809
35.642726,139.7330809
35.644226,139.7330809
35.645726,139.7330809
35.647226,139.7330809
35.648726,139.7330809
35.650226,139.7330809
35.651726,139.7330809
35.653226,139.7330809
35.654726,139.7330809
35.656226,139.7330809
35.657726,139.7330809
35.659226,139.7330809
35.660726,139.7330809
35.662226,139.7330809
35.663726,139.7330809
35.665226,139.7330809
35.666726,139.7330809
35.668226,139.7330809
35.669726,139.7330809
35.671226,139.7330809
35.672726,139.7330809
35.674226,139.7330809
35.675726,139.7330809
35.677226,139.7330809
35.678726,139.7330809
35.680226,139.7330809
35.681726,139.7330809
35.683226,139.7330809
35.684726,139.7330809
35.686226,139.7330809
35.687726,139.7330809
35.689226,139.7330809
35.690726,139.7330809
35.692226,139.7330809
35.693726,139.7330809
35.695226,139.7330809
35.696726,139.7330809
35.698226,139.7330809
35.699726,139.7330809
35.701226,139.7330809
35.702726,139.7330809
35.704226,139.7330809
35.705726,139.7330809
35.707226,139.7330809
35.708726,139.7330809
35.710226,139.7330809
35.711726,139.7330809
35.713226,139.7330809
35.714726,139.7330809
35.716226,139.7330809
35.717726,139.7330809
35.719226,139.7330809
35.720726,139.7330809
35.722226,139.7330809
35.723726,139.7330809
35.725226,139.7330809
35.726726,139.7330809
35.728226,139.7330809
35.729726,139.7330809
35.731226,139.7330809
35.732726,139.7330809
35.734226,139.7330809
35.633726,139.7349276
35.635226,139.7349276
35.636726,139.7349276
35.638226,139.7349276
35.639726,139.7349276
35.641226,139.7349276
35.642726,139.7349276
35.644226,139.7349276
35.645726,139.7349276
35.647226,139.7349276
35.648726,139.7349276
35.650226,139.7349276
35.651726,139.7349276
35.653226,139.7349276
35.654726,139.7349276
35.656226,139.7349276
35.657726,139.7349276
35.659226,139.7349276
35.660726,139.7349276
35.662226,139.7349276
35.663726,139.7349276
35.665226,139.7349276
35.666726,139.7349276
35.668226,139.7349276
35.669726,139.7349276
35.671226,139.7349276
35.672726,139.7349276
35.674226,139.7349276
35.675726,139.7349276
35.677226,139.7349276
35.678726,139.7349276
35.680226,139.7349276
35.681726,139.7349276
35.683226,139.7349276
35.684726,139.7349276
35.686226,139.7349276
35.687726,139.7349276
35.689226,139.7349276
35.690726,139.7349276
35.692226,139.7349276
35.693726,139.7349276
35.695226,139.7349276
35.696726,139.7349276
35.698226,139.7349276
35.699726,139.7349276
35.701226,139.7349276
35.702726,139.7349276
35.704226,139.7349276
35.705726,139.7349276
35.707226,139.7349276
35.708726,139.7349276
35.710226,139.7349276
35.711726,139.7349276
35.713226,139.7349276
35.714726,139.7349276
35.716226,139.7349276
35.717726,139.7349276
35.719226,139.7349276
35.720726,139.7349276
35.722226,139.7349276
35.723726,139.7349276
35.725226,139.7349276
35.726726,139.7349276
35.728226,139.7349276
35.729726,139.7349276
35.731226,139.7349276
35.732726,139.7349276
35.734226,139.7349276
35.633726,139.7367744
35.635226,139.7367744
35.636726,139.7367744
35.638226,139.7367744
35.639726,139.7367744
35.641226,139.7367744
35.642726,139.7367744
35.644226,139.7367744
35.645726,139.7367744
35.647226,139.7367744
35.648726,139.7367744
35.650226,139.7367744
35.651726,139.7367744
35.653226,139.7367744
35.654726,139.7367744
35.656226,139.7367744
35.657726,139.7367744
35.659226,139.7367744
35.660726,139.7367744
35.662226,139.7367744
35.663726,139.7367744
35.665226,139.7367744
35.666726,139.7367744
35.668226,139.7367744
35.669726,139.7367744
35.671226,139.7367744
35.672726,139.7367744
35.674226,139.7367744
35.675726,139.7367744
35.677226,139.7367744
35.678726,139.7367744
35.680226,139.7367744
35.681726,139.7367744
35.683226,139.7367744
35.684726,139.7367744
35.686226,139.7367744
35.687726,139.7367744
35.689226,139.7367744
35.690726,139.7367744
35.692226,139.7367744
35.693726,139.7367744
35.695226,139.7367744
35.696726,139.7367744
35.698226,139.7367744
35.699726,139.7367744
35.701226,139.7367744
35.702726,139.7367744
35.704226,139.7367744
35.705726,139.7367744
35.707226,139.7367744
35.708726,139.7367744
35.710226,139.7367744
35.711726,139.7367744
35.713226,139.7367744
35.714726,139.7367744
35.716226,139.7367744
35.717726,139.7367744
35.719226,139.7367744
35.720726,139.7367744
35.722226,139.7367744
35.723726,139.7367744
35.725226,139.7367744
35.726726,139.7367744
35.728226,139.7367744
35.729726,139.7367744
35.731226,139.7367744
35.732726,139.7367744
35.734226,139.7367744
35.735726,139.7367744
35.632226,139.7386211
35.633726,139.7386211
35.635226,139.7386211
35.636726,139.7386211
35.638226,139.7386211
35.639726,139.7386211
35.641226,139.7386211
35.642726,139.7386211
35.644226,139.7386211
35.645726,139.7386211
35.647226,139.7386211
35.648726,139.7386211
35.650226,139.7386211
35.651726,139.7386211
35.653226,139.7386211
35.654726,139.7386211
35.656226,139.7386211
35.657726,139.7386211
35.659226,139.7386211
35.660726,139.7386211
35.662226,139.7386211
35.663726,139.7386211
35.665226,139.7386211
35.666726,139.7386211
35.668226,139.7386211
35.669726,139.7386211
35.671226,139.7386211
35.672726,139.7386211
35.674226,139.7386211
35.675726,139.7386211
35.677226,139.7386211
35.678726,139.7386211
35.680226,139.7386211
35.681726,139.7386211
35.683226,139.7386211
35.684726,139.7386211
35.686226,139.7386211
35.687726,139.7386211
35.689226,139.7386211
35.690726,139.7386211
35.692226,139.7386211
35.693726,139.7386211
35.695226,139.7386211
35.696726,139.7386211
35.698226,139.7386211
35.699726,139.7386211
35.701226,139.7386211
35.702726,139.7386211
35.704226,139.7386211
35.705726,139.7386211
35.707226,139.7386211
35.708726,139.7386211
35.710226,139.7386211
35.711726,139.7386211
35.713226,139.7386211
35.714726,139.7386211
35.716226,139.7386211
35.717726,139.7386211
35.719226,139.7386211
35.720726,139.7386211
35.722226,139.7386211
35.723726,139.7386211
35.725226,139.7386211
35.726726,139.7386211
35.728226,139.7386211
35.729726,139.7386211
35.731226,139.7386211
35.732726,139.7386211
35.734226,139.7386211
35.735726,139.7386211
35.632226,139.7404678
35.633726,139.7404678
35.635226,139.7404678
35.636726,139.7404678
35.638226,139.7404678
35.639726,139.7404678
35.641226,139.7404678
35.642726,139.7404678
35.644226,139.7404678
35.645726,139.7404678
35.647226,139.7404678
35.648726,139.7404678
35.650226,139.7404678
35.651726,139.7404678
35.653226,139.7404678
35.654726,139.7404678
35.656226,139.7404678
35.657726,139.7404678
35.659226,139.7404678
35.660726,139.7404678
35.662226,139.7404678
35.663726,139.7404678
35.665226,139.7404678
35.666726,139.7404678
35.668226,139.7404678
35.669726,139.7404678
35.671226,139.7404678
35.672726,139.7404678
35.674226,139.7404678
35.675726,139.7404678
35.677226,139.7404678
35.678726,139.7404678
35.680226,139.7404678
35.681726,139.7404678
35.683226,139.7404678
35.684726,139.7404678
35.686226,139.7404678
35.687726,139.7404678
35.689226,139.7404678
35.690726,139.7404678
35.692226,139.7404678
35.693726,139.7404678
35.695226,139.7404678
35.696726,139.7404678
35.698226,139.7404678
35.699726,139.7404678
35.701226,139.7404678
35.702726,139.7404678
35.704226,139.7404678
35.705726,139.7404678
35.707226,139.7404678
35.708726,139.7404678
35.710226,139.7404678
35.711726,139.7404678
35.713226,139.7404678
35.714726,139.7404678
35.716226,139.7404678
35.717726,139.7404678
35.719226,139.7404678
35.720726,139.7404678
35.722226,139.7404678
35.723726,139.7404678
35.725226,139.7404678
35.726726,139.7404678
35.728226,139.7404678
35.729726,139.7404678
35.731226,139.7404678
35.732726,139.7404678
35.734226,139.7404678
35.735726,139.7404678
35.632226,139.7423146
35.633726,139.7423146
35.635226,139.7423146
35.636726,139.7423146
35.638226,139.7423146
35.639726,139.7423146
35.641226,139.7423146
35.642726,139.7423146
35.644226,139.7423146
35.645726,139.7423146
35.647226,139.7423146
35.648726,139.7423146
35.650226,139.7423146
35.651726,139.7423146
35.653226,139.7423146
35.654726,139.7423146
35.656226,139.7423146
35.657726,139.7423146
35.659226,139.7423146
35.660726,139.7423146
35.662226,139.7423146
35.663726,139.7423146
35.665226,139.7423146
35.666726,139.7423146
35.668226,139.7423146
35.669726,139.7423146
35.671226,139.7423146
35.672726,139.7423146
35.674226,139.7423146
35.675726,139.7423146
35.677226,139.7423146
35.678726,139.7423146
35.680226,139.7423146
35.681726,139.7423146
35.683226,139.7423146
35.684726,139.7423146
35.686226,139.7423146
35.687726,139.7423146
35.689226,139.7423146
35.690726,139.7423146
35.692226,139.7423146
35.693726,139.7423146
35.695226,139.7423146
35.696726,139.7423146
35.698226,139.7423146
35.699726,139.7423146
35.701226,139.7423146
35.702726,139.7423146
35.704226,139.7423146
35.705726,139.7423146
35.707226,139.7423146
35.708726,139.7423146
35.710226,139.7423146
35.711726,139.7423146
35.713226,139.7423146
35.714726,139.7423146
35.716226,139.7423146
35.717726,139.7423146
35.719226,139.7423146
35.720726,139.7423146
35.722226,139.7423146
35.723726,139.7423146
35.725226,139.7423146
35.726726,139.7423146
35.728226,139.7423146
35.729726,139.7423146
35.731226,139.7423146
35.732726,139.7423146
35.734226,139.7423146
35.735726,139.7423146
35.632226,139.7441613
35.633726,139.7441613
35.635226,139.7441613
35.636726,139.7441613
35.638226,139.7441613
35.639726,139.7441613
35.641226,139.7441613
35.642726,139.7441613
35.644226,139.7441613
35.645726,139.7441613
35.647226,139.7441613
35.648726,139.7441613
35.650226,139.7441613
35.651726,139.7441613
35.653226,139.7441613
35.654726,139.7441613
35.656226,139.7441613
35.657726,139.7441613
35.659226,139.7441613
35.660726,139.7441613
35.662226,139.7441613
35.663726,139.7441613
35.665226,139.7441613
35.666726,139.7441613
35.668226,139.7441613
35.669726,139.7441613
35.671226,139.7441613
35.672726,139.7441613
35.674226,139.7441613
35.675726,139.7441613
35.677226,139.7441613
35.678726,139.7441613
35.680226,139.7441613
35.681726,139.7441613
35.683226,139.7441613
35.684726,139.7441613
35.686226,139.7441613
35.687726,139.7441613
35.689226,139.7441613
35.690726,139.7441613
35.692226,139.7441613
35.693726,139.7441613
35.695226,139.7441613
35.696726,139.7441613
35.698226,139.7441613
35.699726,139.7441613
35.701226,139.7441613
35.702726,139.7441613
35.704226,139.7441613
35.705726,139.7441613
35.707226,139.7441613
35.708726,139.7441613
35.710226,139.7441613
35.711726,139.7441613
35.713226,139.7441613
35.714726,139.7441613
35.716226,139.7441613
35.717726,139.7441613
35.719226,139.7441613
35.720726,139.7441613
35.722226,139.7441613
35.723726,139.7441613
35.725226,139.7441613
35.726726,139.7441613
35.728226,139.7441613
35.729726,139.7441613
35.731226,139.7441613
35.732726,139.7441613
35.734226,139.7441613
35.735726,139.7441613
35.737226,139.7441613
35.632226,139.746008
35.633726,139.746008
35.635226,139.746008
35.636726,139.746008
35.638226,139.746008
35.639726,139.746008
35.641226,139.746008
35.642726,139.746008
35.644226,139.746008
35.645726,139.746008
35.647226,139.746008
35.648726,139.746008
35.650226,139.746008
35.651726,139.746008
35.653226,139.746008
35.654726,139.746008
35.656226,139.746008
35.657726,139.746008
35.659226,139.746008
35.660726,139.746008
35.662226,139.746008
35.663726,139.746008
35.665226,139.746008
35.666726,139.746008
35.668226,139.746008
35.669726,139.746008
35.671226,139.746008
35.672726,139.746008
35.674226,139.746008
35.675726,139.746008
35.677226,139.746008
35.678726,139.746008
35.680226,139.746008
35.681726,139.746008
35.683226,139.746008
35.684726,139.746008
35.686226,139.746008
35.687726,139.746008
35.689226,139.746008
35.690726,139.746008
35.692226,139.746008
35.693726,139.746008
35.695226,139.746008
35.696726,139.746008
35.698226,139.746008
35.699726,139.746008
35.701226,139.746008
35.702726,139.746008
35.704226,139.746008
35.705726,139.746008
35.707226,139.746008
35.708726,139.746008
35.710226,139.746008
35.711726,139.746008
35.713226,139.746008
35.714726,139.746008
35.716226,139.746008
35.717726,139.746008
35.719226,139.746008
35.720726,139.746008
35.722226,139.746008
35.723726,139.746008
35.725226,139.746008
35.726726,139.746008
35.728226,139.746008
35.729726,139.746008
35.731226,139.746008
35.732726,139.746008
35.734226,139.746008
35.735726,139.746008
35.737226,139.746008
35.630726,139.7478548
35.632226,139.7478548
35.633726,139.7478548
35.635226,139.7478548
35.636726,139.7478548
35.638226,139.7478548
35.639726,139.7478548
35.641226,139.7478548
35.642726,139.7478548
35.644226,139.7478548
35.645726,139.7478548
35.647226,139.7478548
35.648726,139.7478548
35.650226,139.7478548
35.651726,139.7478548
35.653226,139.7478548
35.654726,139.7478548
35.656226,139.7478548
35.657726,139.7478548
35.659226,139.7478548
35.660726,139.7478548
35.662226,139.7478548
35.663726,139.7478548
35.665226,139.7478548
35.666726,139.7478548
35.668226,139.7478548
35.669726,139.7478548
35.671226,139.7478548
35.672726,139.7478548
35.674226,139.7478548
35.675726,139.7478548
35.677226,139.7478548
35.678726,139.7478548
35.680226,139.7478548
35.681726,139.7478548
35.683226,139.7478548
35.684726,139.7478548
35.686226,139.7478548
35.687726,139.7478548
35.689226,139.7478548
35.690726,139.7478548
35.692226,139.7478548
35.693726,139.7478548
35.695226,139.7478548
35.696726,139.7478548
35.698226,139.7478548
35.699726,139.7478548
35.701226,139.7478548
35.702726,139.7478548
35.704226,139.7478548
35.705726,139.7478548
35.707226,139.7478548
35.708726,139.7478548
35.710226,139.7478548
35.711726,139.7478548
35.713226,139.7478548
35.714726,139.7478548
35.716226,139.7478548
35.717726,139.7478548
35.719226,139.7478548
35.720726,139.7478548
35.722226,139.7478548
35.723726,139.7478548
35.725226,139.7478548
35.726726,139.7478548
35.728226,139.7478548
35.729726,139.7478548
35.731226,139.7478548
35.732726,139.7478548
35.734226,139.7478548
35.735726,139.7478548
35.737226,139.7478548
35.630726,139.7497015
35.632226,139.7497015
35.633726,139.7497015
35.635226,139.7497015
35.636726,139.7497015
35.638226,139.7497015
35.639726,139.7497015
35.641226,139.7497015
35.642726,139.7497015
35.644226,139.7497015
35.645726,139.7497015
35.647226,139.7497015
35.648726,139.7497015
35.650226,139.7497015
35.651726,139.7497015
35.653226,139.7497015
35.654726,139.7497015
35.656226,139.7497015
35.657726,139.7497015
35.659226,139.7497015
35.660726,139.7497015
35.662226,139.7497015
35.663726,139.7497015
35.665226,139.7497015
35.666726,139.7497015
35.668226,139.7497015
35.669726,139.7497015
35.671226,139.7497015
35.672726,139.7497015
35.674226,139.7497015
35.675726,139.7497015
35.677226,139.7497015
35.678726,139.7497015
35.680226,139.7497015
35.681726,139.7497015
35.683226,139.7497015
35.684726,139.7497015
35.686226,139.7497015
35.687726,139.7497015
35.689226,139.7497015
35.690726,139.7497015
35.692226,139.7497015
35.693726,139.7497015
35.695226,139.7497015
35.696726,139.7497015
35.698226,139.7497015
35.699726,139.7497015
35.701226,139.7497015
35.702726,139.7497015
35.704226,139.7497015
35.705726,139.7497015
35.707226,139.7497015
35.708726,139.7497015
35.710226,139.7497015
35.711726,139.7497015
35.713226,139.7497015
35.714726,139.7497015
35.716226,139.7497015
35.717726,139.7497015
35.719226,139.7497015
35.720726,139.7497015
35.722226,139.7497015
35.723726,139.7497015
35.725226,139.7497015
35.726726,139.7497015
35.728226,139.7497015
35.729726,139.7497015
35.731226,139.7497015
35.732726,139.7497015
35.734226,139.7497015
35.735726,139.7497015
35.737226,139.7497015
35.630726,139.7515482
35.632226,139.7515482
35.633726,139.7515482
35.635226,139.7515482
35.636726,139.7515482
35.638226,139.7515482
35.639726,139.7515482
35.641226,139.7515482
35.642726,139.7515482
35.644226,139.7515482
35.645726,139.7515482
35.647226,139.7515482
35.648726,139.7515482
35.650226,139.7515482
35.651726,139.7515482
35.653226,139.7515482
35.654726,139.7515482
35.656226,139.7515482
35.657726,139.7515482
35.659226,139.7515482
35.660726,139.7515482
35.662226,139.7515482
35.663726,139.7515482
35.665226,139.7515482
35.666726,139.7515482
35.668226,139.7515482
35.669726,139.7515482
35.671226,139.7515482
35.672726,139.7515482
35.674226,139.7515482
35.675726,139.7515482
35.677226,139.7515482
35.678726,139.7515482
35.680226,139.7515482
35.681726,139.7515482
35.683226,139.7515482
35.684726,139.7515482
35.686226,139.7515482
35.687726,139.7515482
35.689226,139.7515482
35.690726,139.7515482
35.692226,139.7515482
35.693726,139.7515482
35.695226,139.7515482
35.696726,139.7515482
35.698226,139.7515482
35.699726,139.7515482
35.701226,139.7515482
35.702726,139.7515482
35.704226,139.7515482
35.705726,139.7515482
35.707226,139.7515482
35.708726,139.7515482
35.710226,139.7515482
35.711726,139.7515482
35.713226,139.7515482
35.714726,139.7515482
35.716226,139.7515482
35.717726,139.7515482
35.719226,139.7515482
35.720726,139.7515482
35.722226,139.7515482
35.723726,139.7515482
35.725226,139.7515482
35.726726,139.7515482
35.728226,139.7515482
35.729726,139.7515482
35.731226,139.7515482
35.732726,139.7515482
35.734226,139.7515482
35.735726,139.7515482
35.737226,139.7515482
35.630726,139.753395
35.632226,139.753395
35.633726,139.753395
35.635226,139.753395
35.636726,139.753395
35.638226,139.753395
35.639726,139.753395
35.641226,139.753395
35.642726,139.753395
35.644226,139.753395
35.645726,139.753395
35.647226,139.753395
35.648726,139.753395
35.650226,139.753395
35.651726,139.753395
35.653226,139.753395
35.654726,139.753395
35.656226,139.753395
35.657726,139.753395
35.659226,139.753395
35.660726,139.753395
35.662226,139.753395
35.663726,139.753395
35.665226,139.753395
35.666726,139.753395
35.668226,139.753395
35.669726,139.753395
35.671226,139.753395
35.672726,139.753395
35.674226,139.753395
35.675726,139.753395
35.677226,139.753395
35.678726,139.753395
35.680226,139.753395
35.681726,139.753395
35.683226,139.753395
35.684726,139.753395
35.686226,139.753395
35.687726,139.753395
35.689226,139.753395
35.690726,139.753395
35.692226,139.753395
35.693726,139.753395
35.695226,139.753395
35.696726,139.753395
35.698226,139.753395
35.699726,139.753395
35.701226,139.753395
35.702726,139.753395
35.704226,139.753395
35.705726,139.753395
35.707226,139.753395
35.708726,139.753395
35.710226,139.753395
35.711726,139.753395
35.713226,139.753395
35.714726,139.753395
35.716226,139.753395
35.717726,139.753395
35.719226,139.753395
35.720726,139.753395
35.722226,139.753395
35.723726,139.753395
35.725226,139.753395
35.726726,139.753395
35.728226,139.753395
35.729726,139.753395
35.731226,139.753395
35.732726,139.753395
35.734226,139.753395
35.735726,139.753395
35.737226,139.753395
35.630726,139.7552417
35.632226,139.7552417
35.633726,139.7552417
35.635226,139.7552417
35.636726,139.7552417
35.638226,139.7552417
35.639726,139.7552417
35.641226,139.7552417
35.642726,139.7552417
35.644226,139.7552417
35.645726,139.7552417
35.647226,139.7552417
35.648726,139.7552417
35.650226,139.7552417
35.651726,139.7552417
35.653226,139.7552417
35.654726,139.7552417
35.656226,139.7552417
35.657726,139.7552417
35.659226,139.7552417
35.660726,139.7552417
35.662226,139.7552417
35.663726,139.7552417
35.665226,139.7552417
35.666726,139.7552417
35.668226,139.7552417
35.669726,139.7552417
35.671226,139.7552417
35.672726,139.7552417
35.674226,139.7552417
35.675726,139.7552417
35.677226,139.7552417
35.678726,139.7552417
35.680226,139.7552417
35.681726,139.7552417
35.683226,139.7552417
35.684726,139.7552417
35.686226,139.7552417
35.687726,139.7552417
35.689226,139.7552417
35.690726,139.7552417
35.692226,139.7552417
35.693726,139.7552417
35.695226,139.7552417
35.696726,139.7552417
35.698226,139.7552417
35.699726,139.7552417
35.701226,139.7552417
35.702726,139.7552417
35.704226,139.7552417
35.705726,139.7552417
35.707226,139.7552417
35.708726,139.7552417
35.710226,139.7552417
35.711726,139.7552417
35.713226,139.7552417
35.714726,139.7552417
35.716226,139.7552417
35.717726,139.7552417
35.719226,139.7552417
35.720726,139.7552417
35.722226,139.7552417
35.723726,139.7552417
35.725226,139.7552417
35.726726,139.7552417
35.728226,139.7552417
35.729726,139.7552417
35.731226,139.7552417
35.732726,139.7552417
35.734226,139.7552417
35.735726,139.7552417
35.737226,139.7552417
35.630726,139.7570884
35.632226,139.7570884
35.633726,139.7570884
35.635226,139.7570884
35.636726,139.7570884
35.638226,139.7570884
35.639726,139.7570884
35.641226,139.7570884
35.642726,139.7570884
35.644226,139.7570884
35.645726,139.7570884
35.647226,139.7570884
35.648726,139.7570884
35.650226,139.7570884
35.651726,139.7570884
35.653226,139.7570884
35.654726,139.7570884
35.656226,139.7570884
35.657726,139.7570884
35.659226,139.7570884
35.660726,139.7570884
35.662226,139.7570884
35.663726,139.7570884
35.665226,139.7570884
35.666726,139.7570884
35.668226,139.7570884
35.669726,139.7570884
35.671226,139.7570884
35.672726,139.7570884
35.674226,139.7570884
35.675726,139.7570884
35.677226,139.7570884
35.678726,139.7570884
35.680226,139.7570884
35.681726,139.7570884
35.683226,139.7570884
35.684726,139.7570884
35.686226,139.7570884
35.687726,139.7570884
35.689226,139.7570884
35.690726,139.7570884
35.692226,139.7570884
35.693726,139.7570884
35.695226,139.7570884
35.696726,139.7570884
35.698226,139.7570884
35.699726,139.7570884
35.701226,139.7570884
35.702726,139.7570884
35.704226,139.7570884
35.705726,139.7570884
35.707226,139.7570884
35.708726,139.7570884
35.710226,139.7570884
35.711726,139.7570884
35.713226,139.7570884
35.714726,139.7570884
35.716226,139.7570884
35.717726,139.7570884
35.719226,139.7570884
35.720726,139.7570884
35.722226,139.7570884
35.723726,139.7570884
35.725226,139.7570884
35.726726,139.7570884
35.728226,139.7570884
35.729726,139.7570884
35.731226,139.7570884
35.732726,139.7570884
35.734226,139.7570884
35.735726,139.7570884
35.737226,139.7570884
35.630726,139.7589352
35.632226,139.7589352
35.633726,139.7589352
35.635226,139.7589352
35.636726,139.7589352
35.638226,139.7589352
35.639726,139.7589352
35.641226,139.7589352
35.642726,139.7589352
35.644226,139.7589352
35.645726,139.7589352
35.647226,139.7589352
35.648726,139.7589352
35.650226,139.7589352
35.651726,139.7589352
35.653226,139.7589352
35.654726,139.7589352
35.656226,139.7589352
35.657726,139.7589352
35.659226,139.7589352
35.660726,139.7589352
35.662226,139.7589352
35.663726,139.7589352
35.665226,139.7589352
35.666726,139.7589352
35.668226,139.7589352
35.669726,139.7589352
35.671226,139.7589352
35.672726,139.7589352
35.674226,139.7589352
35.675726,139.7589352
35.677226,139.7589352
35.678726,139.7589352
35.680226,139.7589352
35.681726,139.7589352
35.683226,139.7589352
35.684726,139.7589352
35.686226,139.7589352
35.687726,139.7589352
35.689226,139.7589352
35.690726,139.7589352
35.692226,139.7589352
35.693726,139.7589352
35.695226,139.7589352
35.696726,139.7589352
35.698226,139.7589352
35.699726,139.7589352
35.701226,139.7589352
35.702726,139.7589352
35.704226,139.7589352
35.705726,139.7589352
35.707226,139.7589352
35.708726,139.7589352
35.710226,139.7589352
35.711726,139.7589352
35.713226,139.7589352
35.714726,139.7589352
35.716226,139.7589352
35.717726,139.7589352
35.719226,139.7589352
35.720726,139.7589352
35.722226,139.7589352
35.723726,139.7589352
35.725226,139.7589352
35.726726,139.7589352
35.728226,139.7589352
35.729726,139.7589352
35.731226,139.7589352
35.732726,139.7589352
35.734226,139.7589352
35.735726,139.7589352
35.737226,139.7589352
35.630726,139.7607819
35.632226,139.7607819
35.633726,139.7607819
35.635226,139.7607819
35.636726,139.7607819
35.638226,139.7607819
35.639726,139.7607819
35.641226,139.7607819
35.642726,139.7607819
35.644226,139.7607819
35.645726,139.7607819
35.647226,139.7607819
35.648726,139.7607819
35.650226,139.7607819
35.651726,139.7607819
35.653226,139.7607819
35.654726,139.7607819
35.656226,139.7607819
35.657726,139.7607819
35.659226,139.7607819
35.660726,139.7607819
35.662226,139.7607819
35.663726,139.7607819
35.665226,139.7607819
35.666726,139.7607819
35.668226,139.7607819
35.669726,139.7607819
35.671226,139.7607819
35.672726,139.7607819
35.674226,139.7607819
35.675726,139.7607819
35.677226,139.7607819
35.678726,139.7607819
35.680226,139.7607819
35.681726,139.7607819
35.683226,139.7607819
35.684726,139.7607819
35.686226,139.7607819
35.687726,139.7607819
35.689226,139.7607819
35.690726,139.7607819
35.692226,139.7607819
35.693726,139.7607819
35.695226,139.7607819
35.696726,139.7607819
35.698226,139.7607819
35.699726,139.7607819
35.701226,139.7607819
35.702726,139.7607819
35.704226,139.7607819
35.705726,139.7607819
35.707226,139.7607819
35.708726,139.7607819
35.710226,139.7607819
35.711726,139.7607819
35.713226,139.7607819
35.714726,139.7607819
35.716226,139.7607819
35.717726,139.7607819
35.719226,139.7607819
35.720726,139.7607819
35.722226,139.7607819
35.723726,139.7607819
35.725226,139.7607819
35.726726,139.7607819
35.728226,139.7607819
35.729726,139.7607819
35.731226,139.7607819
35.732726,139.7607819
35.734226,139.7607819
35.735726,139.7607819
35.737226,139.7607819
35.630726,139.7626287
35.632226,139.7626287
35.633726,139.7626287
35.635226,139.7626287
35.636726,139.7626287
35.638226,139.7626287
35.639726,139.7626287
35.641226,139.7626287
35.642726,139.7626287
35.644226,139.7626287
35.645726,139.7626287
35.647226,139.7626287
35.648726,139.7626287
35.650226,139.7626287
35.651726,139.7626287
35.653226,139.7626287
35.654726,139.7626287
35.656226,139.7626287
35.657726,139.7626287
35.659226,139.7626287
35.660726,139.7626287
35.662226,139.7626287
35.663726,139.7626287
35.665226,139.7626287
35.666726,139.7626287
35.668226,139.7626287
35.669726,139.7626287
35.671226,139.7626287
35.672726,139.7626287
35.674226,139.7626287
35.675726,139.7626287
35.677226,139.7626287
35.678726,139.7626287
35.680226,139.7626287
35.681726,139.7626287
35.683226,139.7626287
35.684726,139.7626287
35.686226,139.7626287
35.687726,139.7626287
35.689226,139.7626287
35.690726,139.7626287
35.692226,139.7626287
35.693726,139.7626287
35.695226,139.7626287
35.696726,139.7626287
35.698226,139.7626287
35.699726,139.7626287
35.701226,139.7626287
35.702726,139.7626287
35.704226,139.7626287
35.705726,139.7626287
35.707226,139.7626287
35.708726,139.7626287
35.710226,139.7626287
35.711726,139.7626287
35.713226,139.7626287
35.714726,139.7626287
35.716226,139.7626287
35.717726,139.7626287
35.719226,139.7626287
35.720726,139.7626287
35.722226,139.7626287
35.723726,139.7626287
35.725226,139.7626287
35.726726,139.7626287
35.728226,139.7626287
35.729726,139.7626287
35.731226,139.7626287
35.732726,139.7626287
35.734226,139.7626287
35.735726,139.7626287
35.737226,139.7626287
35.632226,139.7644754
35.633726,139.7644754
35.635226,139.7644754
35.636726,139.7644754
35.638226,139.7644754
35.639726,139.7644754
35.641226,139.7644754
35.642726,139.7644754
35.644226,139.7644754
35.645726,139.7644754
35.647226,139.7644754
35.648726,139.7644754
35.650226,139.7644754
35.651726,139.7644754
35.653226,139.7644754
35.654726,139.7644754
35.656226,139.7644754
35.657726,139.7644754
35.659226,139.7644754
35.660726,139.7644754
35.662226,139.7644754
35.663726,139.7644754
35.665226,139.7644754
35.666726,139.7644754
35.668226,139.7644754
35.669726,139.7644754
35.671226,139.7644754
35.672726,139.7644754
35.674226,139.7644754
35.675726,139.7644754
35.677226,139.7644754
35.678726,139.7644754
35.680226,139.7644754
35.681726,139.7644754
35.683226,139.7644754
35.684726,139.7644754
35.686226,139.7644754
35.687726,139.7644754
35.689226,139.7644754
35.690726,139.7644754
35.692226,139.7644754
35.693726,139.7644754
35.695226,139.7644754
35.696726,139.7644754
35.698226,139.7644754
35.699726,139.7644754
35.701226,139.7644754
35.702726,139.7644754
35.704226,139.7644754
35.705726,139.7644754
35.707226,139.7644754
35.708726,139.7644754
35.710226,139.7644754
35.711726,139.7644754
35.713226,139.7644754
35.714726,139.7644754
35.716226,139.7644754
35.717726,139.7644754
35.719226,139.7644754
35.720726,139.7644754
35.722226,139.7644754
35.723726,139.7644754
35.725226,139.7644754
35.726726,139.7644754
35.728226,139.7644754
35.729726,139.7644754
35.731226,139.7644754
35.732726,139.7644754
35.734226,139.7644754
35.735726,139.7644754
35.737226,139.7644754
35.632226,139.7663221
35.633726,139.7663221
35.635226,139.7663221
35.636726,139.7663221
35.638226,139.7663221
35.639726,139.7663221
35.641226,139.7663221
35.642726,139.7663221
35.644226,139.7663221
35.645726,139.7663221
35.647226,139.7663221
35.648726,139.7663221
35.650226,139.7663221
35.651726,139.7663221
35.653226,139.7663221
35.654726,139.7663221
35.656226,139.7663221
35.657726,139.7663221
35.659226,139.7663221
35.660726,139.7663221
35.662226,139.7663221
35.663726,139.7663221
35.665226,139.7663221
35.666726,139.7663221
35.668226,139.7663221
35.669726,139.7663221
35.671226,139.7663221
35.672726,139.7663221
35.674226,139.7663221
35.675726,139.7663221
35.677226,139.7663221
35.678726,139.7663221
35.680226,139.7663221
35.681726,139.7663221
35.683226,139.7663221
35.684726,139.7663221
35.686226,139.7663221
35.687726,139.7663221
35.689226,139.7663221
35.690726,139.7663221
35.692226,139.7663221
35.693726,139.7663221
35.695226,139.7663221
35.696726,139.7663221
35.698226,139.7663221
35.699726,139.7663221
35.701226,139.7663221
35.702726,139.7663221
35.704226,139.7663221
35.705726,139.7663221
35.707226,139.7663221
35.708726,139.7663221
35.710226,139.7663221
35.711726,139.7663221
35.713226,139.7663221
35.714726,139.7663221
35.716226,139.7663221
35.717726,139.7663221
35.719226,139.7663221
35.720726,139.7663221
35.722226,139.7663221
35.723726,139.7663221
35.725226,139.7663221
35.726726,139.7663221
35.728226,139.7663221
35.729726,139.7663221
35.731226,139.7663221
35.732726,139.7663221
35.734226,139.7663221
35.735726,139.7663221
35.737226,139.7663221
35.632226,139.7681689
35.633726,139.7681689
35.635226,139.7681689
35.636726,139.7681689
35.638226,139.7681689
35.639726,139.7681689
35.641226,139.7681689
35.642726,139.7681689
35.644226,139.7681689
35.645726,139.7681689
35.647226,139.7681689
35.648726,139.7681689
35.650226,139.7681689
35.651726,139.7681689
35.653226,139.7681689
35.654726,139.7681689
35.656226,139.7681689
35.657726,139.7681689
35.659226,139.7681689
35.660726,139.7681689
35.662226,139.7681689
35.663726,139.7681689
35.665226,139.7681689
35.666726,139.7681689
35.668226,139.7681689
35.669726,139.7681689
35.671226,139.7681689
35.672726,139.7681689
35.674226,139.7681689
35.675726,139.7681689
35.677226,139.7681689
35.678726,139.7681689
35.680226,139.7681689
35.681726,139.7681689
35.683226,139.7681689
35.684726,139.7681689
35.686226,139.7681689
35.687726,139.7681689
35.689226,139.7681689
35.690726,139.7681689
35.692226,139.7681689
35.693726,139.7681689
35.695226,139.7681689
35.696726,139.7681689
35.698226,139.7681689
35.699726,139.7681689
35.701226,139.7681689
35.702726,139.7681689
35.704226,139.7681689
35.705726,139.7681689
35.707226,139.7681689
35.708726,139.7681689
35.710226,139.7681689
35.711726,139.7681689
35.713226,139.7681689
35.714726,139.7681689
35.716226,139.7681689
35.717726,139.7681689
35.719226,139.7681689
35.720726,139.7681689
35.722226,139.7681689
35.723726,139.7681689
35.725226,139.7681689
35.726726,139.7681689
35.728226,139.7681689
35.729726,139.7681689
35.731226,139.7681689
35.732726,139.7681689
35.734226,139.7681689
35.735726,139.7681689
35.632226,139.7700156
35.633726,139.7700156
35.635226,139.7700156
35.636726,139.7700156
35.638226,139.7700156
35.639726,139.7700156
35.641226,139.7700156
35.642726,139.7700156
35.644226,139.7700156
35.645726,139.7700156
35.647226,139.7700156
35.648726,139.7700156
35.650226,139.7700156
35.651726,139.7700156
35.653226,139.7700156
35.654726,139.7700156
35.656226,139.7700156
35.657726,139.7700156
35.659226,139.7700156
35.660726,139.7700156
35.662226,139.7700156
35.663726,139.7700156
35.665226,139.7700156
35.666726,139.7700156
35.668226,139.7700156
35.669726,139.7700156
35.671226,139.7700156
35.672726,139.7700156
35.674226,139.7700156
35.675726,139.7700156
35.677226,139.7700156
35.678726,139.7700156
35.680226,139.7700156
35.681726,139.7700156
35.683226,139.7700156
35.684726,139.7700156
35.686226,139.7700156
35.687726,139.7700156
35.689226,139.7700156
35.690726,139.7700156
35.692226,139.7700156
35.693726,139.7700156
35.695226,139.7700156
35.696726,139.7700156
35.698226,139.7700156
35.699726,139.7700156
35.701226,139.7700156
35.702726,139.7700156
35.704226,139.7700156
35.705726,139.7700156
35.707226,139.7700156
35.708726,139.7700156
35.710226,139.7700156
35.711726,139.7700156
35.713226,139.7700156
35.714726,139.7700156
35.716226,139.7700156
35.717726,139.7700156
35.719226,139.7700156
35.720726,139.7700156
35.722226,139.7700156
35.723726,139.7700156
35.725226,139.7700156
35.726726,139.7700156
35.728226,139.7700156
35.729726,139.7700156
35.731226,139.7700156
35.732726,139.7700156
35.734226,139.7700156
35.735726,139.7700156
35.632226,139.7718623
35.633726,139.7718623
35.635226,139.7718623
35.636726,139.7718623
35.638226,139.7718623
35.639726,139.7718623
35.641226,139.7718623
35.642726,139.7718623
35.644226,139.7718623
35.645726,139.7718623
35.647226,139.7718623
35.648726,139.7718623
35.650226,139.7718623
35.651726,139.7718623
35.653226,139.7718623
35.654726,139.7718623
35.656226,139.7718623
35.657726,139.7718623
35.659226,139.7718623
35.660726,139.7718623
35.662226,139.7718623
35.663726,139.7718623
35.665226,139.7718623
35.666726,139.7718623
35.668226,139.7718623
35.669726,139.7718623
35.671226,139.7718623
35.672726,139.7718623
35.674226,139.7718623
35.675726,139.7718623
35.677226,139.7718623
35.678726,139.7718623
35.680226,139.7718623
35.681726,139.7718623
35.683226,139.7718623
35.684726,139.7718623
35.686226,139.7718623
35.687726,139.7718623
35.689226,139.7718623
35.690726,139.7718623
35.692226,139.7718623
35.693726,139.7718623
35.695226,139.7718623
35.696726,139.7718623
35.698226,139.7718623
35.699726,139.7718623
35.701226,139.7718623
35.702726,139.7718623
35.704226,139.7718623
35.705726,139.7718623
35.707226,139.7718623
35.708726,139.7718623
35.710226,139.7718623
35.711726,139.7718623
35.713226,139.7718623
35.714726,139.7718623
35.716226,139.7718623
35.717726,139.7718623
35.719226,139.7718623
35.720726,139.7718623
35.722226,139.7718623
35.723726,139.7718623
35.725226,139.7718623
35.726726,139.7718623
35.728226,139.7718623
35.729726,139.7718623
35.731226,139.7718623
35.732726,139.7718623
35.734226,139.7718623
35.735726,139.7718623
35.633726,139.7737091
35.635226,139.7737091
35.636726,139.7737091
35.638226,139.7737091
35.639726,139.7737091
35.641226,139.7737091
35.642726,139.7737091
35.644226,139.7737091
35.645726,139.7737091
35.647226,139.7737091
35.648726,139.7737091
35.650226,139.7737091
35.651726,139.7737091
35.653226,139.7737091
35.654726,139.7737091
35.656226,139.7737091
35.657726,139.7737091
35.659226,139.7737091
35.660726,139.7737091
35.662226,139.7737091
35.663726,139.7737091
35.665226,139.7737091
35.666726,139.7737091
35.668226,139.7737091
35.669726,139.7737091
35.671226,139.7737091
35.672726,139.7737091
35.674226,139.7737091
35.675726,139.7737091
35.677226,139.7737091
35.678726,139.7737091
35.680226,139.7737091
35.681726,139.7737091
35.683226,139.7737091
35.684726,139.7737091
35.686226,139.7737091
35.687726,139.7737091
35.689226,139.7737091
35.690726,139.7737091
35.692226,139.7737091
35.693726,139.7737091
35.695226,139.7737091
35.696726,139.7737091
35.698226,139.7737091
35.699726,139.7737091
35.701226,139.7737091
35.702726,139.7737091
35.704226,139.7737091
35.705726,139.7737091
35.707226,139.7737091
35.708726,139.7737091
35.710226,139.7737091
35.711726,139.7737091
35.713226,139.7737091
35.714726,139.7737091
35.716226,139.7737091
35.717726,139.7737091
35.719226,139.7737091
35.720726,139.7737091
35.722226,139.7737091
35.723726,139.7737091
35.725226,139.7737091
35.726726,139.7737091
35.728226,139.7737091
35.729726,139.7737091
35.731226,139.7737091
35.732726,139.7737091
35.734226,139.7737091
35.735726,139.7737091
35.633726,139.7755558
35.635226,139.7755558
35.636726,139.7755558
35.638226,139.7755558
35.639726,139.7755558
35.641226,139.7755558
35.642726,139.7755558
35.644226,139.7755558
35.645726,139.7755558
35.647226,139.7755558
35.648726,139.7755558
35.650226,139.7755558
35.651726,139.7755558
35.653226,139.7755558
35.654726,139.7755558
35.656226,139.7755558
35.657726,139.7755558
35.659226,139.7755558
35.660726,139.7755558
35.662226,139.7755558
35.663726,139.7755558
35.665226,139.7755558
35.666726,139.7755558
35.668226,139.7755558
35.669726,139.7755558
35.671226,139.7755558
35.672726,139.7755558
35.674226,139.7755558
35.675726,139.7755558
35.677226,139.7755558
35.678726,139.7755558
35.680226,139.7755558
35.681726,139.7755558
35.683226,139.7755558
35.684726,139.7755558
35.686226,139.7755558
35.687726,139.7755558
35.689226,139.7755558
35.690726,139.7755558
35.692226,139.7755558
35.693726,139.7755558
35.695226,139.7755558
35.696726,139.7755558
35.698226,139.7755558
35.699726,139.7755558
35.701226,139.7755558
35.702726,139.7755558
35.704226,139.7755558
35.705726,139.7755558
35.707226,139.7755558
35.708726,139.7755558
35.710226,139.7755558
35.711726,139.7755558
35.713226,139.7755558
35.714726,139.7755558
35.716226,139.7755558
35.717726,139.7755558
35.719226,139.7755558
35.720726,139.7755558
35.722226,139.7755558
35.723726,139.7755558
35.725226,139.7755558
35.726726,139.7755558
35.728226,139.7755558
35.729726,139.7755558
35.731226,139.7755558
35.732726,139.7755558
35.734226,139.7755558
35.633726,139.7774025
35.635226,139.7774025
35.636726,139.7774025
35.638226,139.7774025
35.639726,139.7774025
35.641226,139.7774025
35.642726,139.7774025
35.644226,139.7774025
35.645726,139.7774025
35.647226,139.7774025
35.648726,139.7774025
35.650226,139.7774025
35.651726,139.7774025
35.653226,139.7774025
35.654726,139.7774025
35.656226,139.7774025
35.657726,139.7774025
35.659226,139.7774025
35.660726,139.7774025
35.662226,139.7774025
35.663726,139.7774025
35.665226,139.7774025
35.666726,139.7774025
35.668226,139.7774025
35.669726,139.7774025
35.671226,139.7774025
35.672726,139.7774025
35.674226,139.7774025
35.675726,139.7774025
35.677226,139.7774025
35.678726,139.7774025
35.680226,139.7774025
35.681726,139.7774025
35.683226,139.7774025
35.684726,139.7774025
35.686226,139.7774025
35.687726,139.7774025
35.689226,139.7774025
35.690726,139.7774025
35.692226,139.7774025
35.693726,139.7774025
35.695226,139.7774025
35.696726,139.7774025
35.698226,139.7774025
35.699726,139.7774025
35.701226,139.7774025
35.702726,139.7774025
35.704226,139.7774025
35.705726,139.7774025
35.707226,139.7774025
35.708726,139.7774025
35.710226,139.7774025
35.711726,139.7774025
35.713226,139.7774025
35.714726,139.7774025
35.716226,139.7774025
35.717726,139.7774025
35.719226,139.7774025
35.720726,139.7774025
35.722226,139.7774025
35.723726,139.7774025
35.725226,139.7774025
35.726726,139.7774025
35.728226,139.7774025
35.729726,139.7774025
35.731226,139.7774025
35.732726,139.7774025
35.734226,139.7774025
35.635226,139.7792493
35.636726,139.7792493
35.638226,139.7792493
35.639726,139.7792493
35.641226,139.7792493
35.642726,139.7792493
35.644226,139.7792493
35.645726,139.7792493
35.647226,139.7792493
35.648726,139.7792493
35.650226,139.7792493
35.651726,139.7792493
35.653226,139.7792493
35.654726,139.7792493
35.656226,139.7792493
35.657726,139.7792493
35.659226,139.7792493
35.660726,139.7792493
35.662226,139.7792493
35.663726,139.7792493
35.665226,139.7792493
35.666726,139.7792493
35.668226,139.7792493
35.669726,139.7792493
35.671226,139.7792493
35.672726,139.7792493
35.674226,139.7792493
35.675726,139.7792493
35.677226,139.7792493
35.678726,139.7792493
35.680226,139.7792493
35.681726,139.7792493
35.683226,139.7792493
35.684726,139.7792493
35.686226,139.7792493
35.687726,139.7792493
35.689226,139.7792493
35.690726,139.7792493
35.692226,139.7792493
35.693726,139.7792493
35.695226,139.7792493
35.696726,139.7792493
35.698226,139.7792493
35.699726,139.7792493
35.701226,139.7792493
35.702726,139.7792493
35.704226,139.7792493
35.705726,139.7792493
35.707226,139.7792493
35.708726,139.7792493
35.710226,139.7792493
35.711726,139.7792493
35.713226,139.7792493
35.714726,139.7792493
35.716226,139.7792493
35.717726,139.7792493
35.719226,139.7792493
35.720726,139.7792493
35.722226,139.7792493
35.723726,139.7792493
35.725226,139.7792493
35.726726,139.7792493
35.728226,139.7792493
35.729726,139.7792493
35.731226,139.7792493
35.732726,139.7792493
35.734226,139.7792493
35.635226,139.781096
35.636726,139.781096
35.638226,139.781096
35.639726,139.781096
35.641226,139.781096
35.642726,139.781096
35.644226,139.781096
35.645726,139.781096
35.647226,139.781096
35.648726,139.781096
35.650226,139.781096
35.651726,139.781096
35.653226,139.781096
35.654726,139.781096
35.656226,139.781096
35.657726,139.781096
35.659226,139.781096
35.660726,139.781096
35.662226,139.781096
35.663726,139.781096
35.665226,139.781096
35.666726,139.781096
35.668226,139.781096
35.669726,139.781096
35.671226,139.781096
35.672726,139.781096
35.674226,139.781096
35.675726,139.781096
35.677226,139.781096
35.678726,139.781096
35.680226,139.781096
35.681726,139.781096
35.683226,139.781096
35.684726,139.781096
35.686226,139.781096
35.687726,139.781096
35.689226,139.781096
35.690726,139.781096
35.692226,139.781096
35.693726,139.781096
35.695226,139.781096
35.696726,139.781096
35.698226,139.781096
35.699726,139.781096
35.701226,139.781096
35.702726,139.781096
35.704226,139.781096
35.705726,139.781096
35.707226,139.781096
35.708726,139.781096
35.710226,139.781096
35.711726,139.781096
35.713226,139.781096
35.714726,139.781096
35.716226,139.781096
35.717726,139.781096
35.719226,139.781096
35.720726,139.781096
35.722226,139.781096
35.723726,139.781096
35.725226,139.781096
35.726726,139.781096
35.728226,139.781096
35.729726,139.781096
35.731226,139.781096
35.732726,139.781096
35.635226,139.7829427
35.636726,139.7829427
35.638226,139.7829427
35.639726,139.7829427
35.641226,139.7829427
35.642726,139.7829427
35.644226,139.7829427
35.645726,139.7829427
35.647226,139.7829427
35.648726,139.7829427
35.650226,139.7829427
35.651726,139.7829427
35.653226,139.7829427
35.654726,139.7829427
35.656226,139.7829427
35.657726,139.7829427
35.659226,139.7829427
35.660726,139.7829427
35.662226,139.7829427
35.663726,139.7829427
35.665226,139.7829427
35.666726,139.7829427
35.668226,139.7829427
35.669726,139.7829427
35.671226,139.7829427
35.672726,139.7829427
35.674226,139.7829427
35.675726,139.7829427
35.677226,139.7829427
35.678726,139.7829427
35.680226,139.7829427
35.681726,139.7829427
35.683226,139.7829427
35.684726,139.7829427
35.686226,139.7829427
35.687726,139.7829427
35.689226,139.7829427
35.690726,139.7829427
35.692226,139.7829427
35.693726,139.7829427
35.695226,139.7829427
35.696726,139.7829427
35.698226,139.7829427
35.699726,139.7829427
35.701226,139.7829427
35.702726,139.7829427
35.704226,139.7829427
35.705726,139.7829427
35.707226,139.7829427
35.708726,139.7829427
35.710226,139.7829427
35.711726,139.7829427
35.713226,139.7829427
35.714726,139.7829427
35.716226,139.7829427
35.717726,139.7829427
35.719226,139.7829427
35.720726,139.7829427
35.722226,139.7829427
35.723726,139.7829427
35.725226,139.7829427
35.726726,139.7829427
35.728226,139.7829427
35.729726,139.7829427
35.731226,139.7829427
35.732726,139.7829427
35.636726,139.7847895
35.638226,139.7847895
35.639726,139.7847895
35.641226,139.7847895
35.642726,139.7847895
35.644226,139.7847895
35.645726,139.7847895
35.647226,139.7847895
35.648726,139.7847895
35.650226,139.7847895
35.651726,139.7847895
35.653226,139.7847895
35.654726,139.7847895
35.656226,139.7847895
35.657726,139.7847895
35.659226,139.7847895
35.660726,139.7847895
35.662226,139.7847895
35.663726,139.7847895
35.665226,139.7847895
35.666726,139.7847895
35.668226,139.7847895
35.669726,139.7847895
35.671226,139.7847895
35.672726,139.7847895
35.674226,139.7847895
35.675726,139.7847895
35.677226,139.7847895
35.678726,139.7847895
35.680226,139.7847895
35.681726,139.7847895
35.683226,139.7847895
35.684726,139.7847895
35.686226,139.7847895
35.687726,139.7847895
35.689226,139.7847895
35.690726,139.7847895
35.692226,139.7847895
35.693726,139.7847895
35.695226,139.7847895
35.696726,139.7847895
35.698226,139.7847895
35.699726,139.7847895
35.701226,139.7847895
35.702726,139.7847895
35.704226,139.7847895
35.705726,139.7847895
35.707226,139.7847895
35.708726,139.7847895
35.710226,139.7847895
35.711726,139.7847895
35.713226,139.7847895
35.714726,139.7847895
35.716226,139.7847895
35.717726,139.7847895
35.719226,139.7847895
35.720726,139.7847895
35.722226,139.7847895
35.723726,139.7847895
35.725226,139.7847895
35.726726,139.7847895
35.728226,139.7847895
35.729726,139.7847895
35.731226,139.7847895
35.636726,139.7866362
35.638226,139.7866362
35.639726,139.7866362
35.641226,139.7866362
35.642726,139.7866362
35.644226,139.7866362
35.645726,139.7866362
35.647226,139.7866362
35.648726,139.7866362
35.650226,139.7866362
35.651726,139.7866362
35.653226,139.7866362
35.654726,139.7866362
35.656226,139.7866362
35.657726,139.7866362
35.659226,139.7866362
35.660726,139.7866362
35.662226,139.7866362
35.663726,139.7866362
35.665226,139.7866362
35.666726,139.7866362
35.668226,139.7866362
35.669726,139.7866362
35.671226,139.7866362
35.672726,139.7866362
35.674226,139.7866362
35.675726,139.7866362
35.677226,139.7866362
35.678726,139.7866362
35.680226,139.7866362
35.681726,139.7866362
35.683226,139.7866362
35.684726,139.7866362
35.686226,139.7866362
35.687726,139.7866362
35.689226,139.7866362
35.690726,139.7866362
35.692226,139.7866362
35.693726,139.7866362
35.695226,139.7866362
35.696726,139.7866362
35.698226,139.7866362
35.699726,139.7866362
35.701226,139.7866362
35.702726,139.7866362
35.704226,139.7866362
35.705726,139.7866362
35.707226,139.7866362
35.708726,139.7866362
35.710226,139.7866362
35.711726,139.7866362
35.713226,139.7866362
35.714726,139.7866362
35.716226,139.7866362
35.717726,139.7866362
35.719226,139.7866362
35.720726,139.7866362
35.722226,139.7866362
35.723726,139.7866362
35.725226,139.7866362
35.726726,139.7866362
35.728226,139.7866362
35.729726,139.7866362
35.731226,139.7866362
35.638226,139.7884829
35.639726,139.7884829
35.641226,139.7884829
35.642726,139.7884829
35.644226,139.7884829
35.645726,139.7884829
35.647226,139.7884829
35.648726,139.7884829
35.650226,139.7884829
35.651726,139.7884829
35.653226,139.7884829
35.654726,139.7884829
35.656226,139.7884829
35.657726,139.7884829
35.659226,139.7884829
35.660726,139.7884829
35.662226,139.7884829
35.663726,139.7884829
35.665226,139.7884829
35.666726,139.7884829
35.668226,139.7884829
35.669726,139.7884829
35.671226,139.7884829
35.672726,139.7884829
35.674226,139.7884829
35.675726,139.7884829
35.677226,139.7884829
35.678726,139.7884829
35.680226,139.7884829
35.681726,139.7884829
35.683226,139.7884829
35.684726,139.7884829
35.686226,139.7884829
35.687726,139.7884829
35.689226,139.7884829
35.690726,139.7884829
35.692226,139.7884829
35.693726,139.7884829
35.695226,139.7884829
35.696726,139.7884829
35.698226,139.7884829
35.699726,139.7884829
35.701226,139.7884829
35.702726,139.7884829
35.704226,139.7884829
35.705726,139.7884829
35.707226,139.7884829
35.708726,139.7884829
35.710226,139.7884829
35.711726,139.7884829
35.713226,139.7884829
35.714726,139.7884829
35.716226,139.7884829
35.717726,139.7884829
35.719226,139.7884829
35.720726,139.7884829
35.722226,139.7884829
35.723726,139.7884829
35.725226,139.7884829
35.726726,139.7884829
35.728226,139.7884829
35.729726,139.7884829
35.639726,139.7903297
35.641226,139.7903297
35.642726,139.7903297
35.644226,139.7903297
35.645726,139.7903297
35.647226,139.7903297
35.648726,139.7903297
35.650226,139.7903297
35.651726,139.7903297
35.653226,139.7903297
35.654726,139.7903297
35.656226,139.7903297
35.657726,139.7903297
35.659226,139.7903297
35.660726,139.7903297
35.662226,139.7903297
35.663726,139.7903297
35.665226,139.7903297
35.666726,139.7903297
35.668226,139.7903297
35.669726,139.7903297
35.671226,139.7903297
35.672726,139.7903297
35.674226,139.7903297
35.675726,139.7903297
35.677226,139.7903297
35.678726,139.7903297
35.680226,139.7903297
35.681726,139.7903297
35.683226,139.7903297
35.684726,139.7903297
35.686226,139.7903297
35.687726,139.7903297
35.689226,139.7903297
35.690726,139.7903297
35.692226,139.7903297
35.693726,139.7903297
35.695226,139.7903297
35.696726,139.7903297
35.698226,139.7903297
35.699726,139.7903297
35.701226,139.7903297
35.702726,139.7903297
35.704226,139.7903297
35.705726,139.7903297
35.707226,139.7903297
35.708726,139.7903297
35.710226,139.7903297
35.711726,139.7903297
35.713226,139.7903297
35.714726,139.7903297
35.716226,139.7903297
35.717726,139.7903297
35.719226,139.7903297
35.720726,139.7903297
35.722226,139.7903297
35.723726,139.7903297
35.725226,139.7903297
35.726726,139.7903297
35.728226,139.7903297
35.729726,139.7903297
35.639726,139.7921764
35.641226,139.7921764
35.642726,139.7921764
35.644226,139.7921764
35.645726,139.7921764
35.647226,139.7921764
35.648726,139.7921764
35.650226,139.7921764
35.651726,139.7921764
35.653226,139.7921764
35.654726,139.7921764
35.656226,139.7921764
35.657726,139.7921764
35.659226,139.7921764
35.660726,139.7921764
35.662226,139.7921764
35.663726,139.7921764
35.665226,139.7921764
35.666726,139.7921764
35.668226,139.7921764
35.669726,139.7921764
35.671226,139.7921764
35.672726,139.7921764
35.674226,139.7921764
35.675726,139.7921764
35.677226,139.7921764
35.678726,139.7921764
35.680226,139.7921764
35.681726,139.7921764
35.683226,139.7921764
35.684726,139.7921764
35.686226,139.7921764
35.687726,139.7921764
35.689226,139.7921764
35.690726,139.7921764
35.692226,139.7921764
35.693726,139.7921764
35.695226,139.7921764
35.696726,139.7921764
35.698226,139.7921764
35.699726,139.7921764
35.701226,139.7921764
35.702726,139.7921764
35.704226,139.7921764
35.705726,139.7921764
35.707226,139.7921764
35.708726,139.7921764
35.710226,139.7921764
35.711726,139.7921764
35.713226,139.7921764
35.714726,139.7921764
35.716226,139.7921764
35.717726,139.7921764
35.719226,139.7921764
35.720726,139.7921764
35.722226,139.7921764
35.723726,139.7921764
35.725226,139.7921764
35.726726,139.7921764
35.728226,139.7921764
35.641226,139.7940232
35.642726,139.7940232
35.644226,139.7940232
35.645726,139.7940232
35.647226,139.7940232
35.648726,139.7940232
35.650226,139.7940232
35.651726,139.7940232
35.653226,139.7940232
35.654726,139.7940232
35.656226,139.7940232
35.657726,139.7940232
35.659226,139.7940232
35.660726,139.7940232
35.662226,139.7940232
35.663726,139.7940232
35.665226,139.7940232
35.666726,139.7940232
35.668226,139.7940232
35.669726,139.7940232
35.671226,139.7940232
35.672726,139.7940232
35.674226,139.7940232
35.675726,139.7940232
35.677226,139.7940232
35.678726,139.7940232
35.680226,139.7940232
35.681726,139.7940232
35.683226,139.7940232
35.684726,139.7940232
35.686226,139.7940232
35.687726,139.7940232
35.689226,139.7940232
35.690726,139.7940232
35.692226,139.7940232
35.693726,139.7940232
35.695226,139.7940232
35.696726,139.7940232
35.698226,139.7940232
35.699726,139.7940232
35.701226,139.7940232
35.702726,139.7940232
35.704226,139.7940232
35.705726,139.7940232
35.707226,139.7940232
35.708726,139.7940232
35.710226,139.7940232
35.711726,139.7940232
35.713226,139.7940232
35.714726,139.7940232
35.716226,139.7940232
35.717726,139.7940232
35.719226,139.7940232
35.720726,139.7940232
35.722226,139.7940232
35.723726,139.7940232
35.725226,139.7940232
35.726726,139.7940232
35.642726,139.7958699
35.644226,139.7958699
35.645726,139.7958699
35.647226,139.7958699
35.648726,139.7958699
35.650226,139.7958699
35.651726,139.7958699
35.653226,139.7958699
35.654726,139.7958699
35.656226,139.7958699
35.657726,139.7958699
35.659226,139.7958699
35.660726,139.7958699
35.662226,139.7958699
35.663726,139.7958699
35.665226,139.7958699
35.666726,139.7958699
35.668226,139.7958699
35.669726,139.7958699
35.671226,139.7958699
35.672726,139.7958699
35.674226,139.7958699
35.675726,139.7958699
35.677226,139.7958699
35.678726,139.7958699
35.680226,139.7958699
35.681726,139.7958699
35.683226,139.7958699
35.684726,139.7958699
35.686226,139.7958699
35.687726,139.7958699
35.689226,139.7958699
35.690726,139.7958699
35.692226,139.7958699
35.693726,139.7958699
35.695226,139.7958699
35.696726,139.7958699
35.698226,139.7958699
35.699726,139.7958699
35.701226,139.7958699
35.702726,139.7958699
35.704226,139.7958699
35.705726,139.7958699
35.707226,139.7958699
35.708726,139.7958699
35.710226,139.7958699
35.711726,139.7958699
35.713226,139.7958699
35.714726,139.7958699
35.716226,139.7958699
35.717726,139.7958699
35.719226,139.7958699
35.720726,139.7958699
35.722226,139.7958699
35.723726,139.7958699
35.725226,139.7958699
35.726726,139.7958699
35.642726,139.7977166
35.644226,139.7977166
35.645726,139.7977166
35.647226,139.7977166
35.648726,139.7977166
35.650226,139.7977166
35.651726,139.7977166
35.653226,139.7977166
35.654726,139.7977166
35.656226,139.7977166
35.657726,139.7977166
35.659226,139.7977166
35.660726,139.7977166
35.662226,139.7977166
35.663726,139.7977166
35.665226,139.7977166
35.666726,139.7977166
35.668226,139.7977166
35.669726,139.7977166
35.671226,139.7977166
35.672726,139.7977166
35.674226,139.7977166
35.675726,139.7977166
35.677226,139.7977166
35.678726,139.7977166
35.680226,139.7977166
35.681726,139.7977166
35.683226,139.7977166
35.684726,139.7977166
35.686226,139.7977166
35.687726,139.7977166
35.689226,139.7977166
35.690726,139.7977166
35.692226,139.7977166
35.693726,139.7977166
35.695226,139.7977166
35.696726,139.7977166
35.698226,139.7977166
35.699726,139.7977166
35.701226,139.7977166
35.702726,139.7977166
35.704226,139.7977166
35.705726,139.7977166
35.707226,139.7977166
35.708726,139.7977166
35.710226,139.7977166
35.711726,139.7977166
35.713226,139.7977166
35.714726,139.7977166
35.716226,139.7977166
35.717726,139.7977166
35.719226,139.7977166
35.720726,139.7977166
35.722226,139.7977166
35.723726,139.7977166
35.725226,139.7977166
35.644226,139.7995634
35.645726,139.7995634
35.647226,139.7995634
35.648726,139.7995634
35.650226,139.7995634
35.651726,139.7995634
35.653226,139.7995634
35.654726,139.7995634
35.656226,139.7995634
35.657726,139.7995634
35.659226,139.7995634
35.660726,139.7995634
35.662226,139.7995634
35.663726,139.7995634
35.665226,139.7995634
35.666726,139.7995634
35.668226,139.7995634
35.669726,139.7995634
35.671226,139.7995634
35.672726,139.7995634
35.674226,139.7995634
35.675726,139.7995634
35.677226,139.7995634
35.678726,139.7995634
35.680226,139.7995634
35.681726,139.7995634
35.683226,139.7995634
35.684726,139.7995634
35.686226,139.7995634
35.687726,139.7995634
35.689226,139.7995634
35.690726,139.7995634
35.692226,139.7995634
35.693726,139.7995634
35.695226,139.7995634
35.696726,139.7995634
35.698226,139.7995634
35.699726,139.7995634
35.701226,139.7995634
35.702726,139.7995634
35.704226,139.7995634
35.705726,139.7995634
35.707226,139.7995634
35.708726,139.7995634
35.710226,139.7995634
35.711726,139.7995634
35.713226,139.7995634
35.714726,139.7995634
35.716226,139.7995634
35.717726,139.7995634
35.719226,139.7995634
35.720726,139.7995634
35.722226,139.7995634
35.723726,139.7995634
35.645726,139.8014101
35.647226,139.8014101
35.648726,139.8014101
35.650226,139.8014101
35.651726,139.8014101
35.653226,139.8014101
35.654726,139.8014101
35.656226,139.8014101
35.657726,139.8014101
35.659226,139.8014101
35.660726,139.8014101
35.662226,139.8014101
35.663726,139.8014101
35.665226,139.8014101
35.666726,139.8014101
35.668226,139.8014101
35.669726,139.8014101
35.671226,139.8014101
35.672726,139.8014101
35.674226,139.8014101
35.675726,139.8014101
35.677226,139.8014101
35.678726,139.8014101
35.680226,139.8014101
35.681726,139.8014101
35.683226,139.8014101
35.684726,139.8014101
35.686226,139.8014101
35.687726,139.8014101
35.689226,139.8014101
35.690726,139.8014101
35.692226,139.8014101
35.693726,139.8014101
35.695226,139.8014101
35.696726,139.8014101
35.698226,139.8014101
35.699726,139.8014101
35.701226,139.8014101
35.702726,139.8014101
35.704226,139.8014101
35.705726,139.8014101
35.707226,139.8014101
35.708726,139.8014101
35.710226,139.8014101
35.711726,139.8014101
35.713226,139.8014101
35.714726,139.8014101
35.716226,139.8014101
35.717726,139.8014101
35.719226,139.8014101
35.720726,139.8014101
35.722226,139.8014101
35.647226,139.8032568
35.648726,139.8032568
35.650226,139.8032568
35.651726,139.8032568
35.653226,139.8032568
35.654726,139.8032568
35.656226,139.8032568
35.657726,139.8032568
35.659226,139.8032568
35.660726,139.8032568
35.662226,139.8032568
35.663726,139.8032568
35.665226,139.8032568
35.666726,139.8032568
35.668226,139.8032568
35.669726,139.8032568
35.671226,139.8032568
35.672726,139.8032568
35.674226,139.8032568
35.675726,139.8032568
35.677226,139.8032568
35.678726,139.8032568
35.680226,139.8032568
35.681726,139.8032568
35.683226,139.8032568
35.684726,139.8032568
35.686226,139.8032568
35.687726,139.8032568
35.689226,139.8032568
35.690726,139.8032568
35.692226,139.8032568
35.693726,139.8032568
35.695226,139.8032568
35.696726,139.8032568
35.698226,139.8032568
35.699726,139.8032568
35.701226,139.8032568
35.702726,139.8032568
35.704226,139.8032568
35.705726,139.8032568
35.707226,139.8032568
35.708726,139.8032568
35.710226,139.8032568
35.711726,139.8032568
35.713226,139.8032568
35.714726,139.8032568
35.716226,139.8032568
35.717726,139.8032568
35.719226,139.8032568
35.720726,139.8032568
35.648726,139.8051036
35.650226,139.8051036
35.651726,139.8051036
35.653226,139.8051036
35.654726,139.8051036
35.656226,139.8051036
35.657726,139.8051036
35.659226,139.8051036
35.660726,139.8051036
35.662226,139.8051036
35.663726,139.8051036
35.665226,139.8051036
35.666726,139.8051036
35.668226,139.8051036
35.669726,139.8051036
35.671226,139.8051036
35.672726,139.8051036
35.674226,139.8051036
35.675726,139.8051036
35.677226,139.8051036
35.678726,139.8051036
35.680226,139.8051036
35.681726,139.8051036
35.683226,139.8051036
35.684726,139.8051036
35.686226,139.8051036
35.687726,139.8051036
35.689226,139.8051036
35.690726,139.8051036
35.692226,139.8051036
35.693726,139.8051036
35.695226,139.8051036
35.696726,139.8051036
35.698226,139.8051036
35.699726,139.8051036
35.701226,139.8051036
35.702726,139.8051036
35.704226,139.8051036
35.705726,139.8051036
35.707226,139.8051036
35.708726,139.8051036
35.710226,139.8051036
35.711726,139.8051036
35.713226,139.8051036
35.714726,139.8051036
35.716226,139.8051036
35.717726,139.8051036
35.719226,139.8051036
35.650226,139.8069503
35.651726,139.8069503
35.653226,139.8069503
35.654726,139.8069503
35.656226,139.8069503
35.657726,139.8069503
35.659226,139.8069503
35.660726,139.8069503
35.662226,139.8069503
35.663726,139.8069503
35.665226,139.8069503
35.666726,139.8069503
35.668226,139.8069503
35.669726,139.8069503
35.671226,139.8069503
35.672726,139.8069503
35.674226,139.8069503
35.675726,139.8069503
35.677226,139.8069503
35.678726,139.8069503
35.680226,139.8069503
35.681726,139.8069503
35.683226,139.8069503
35.684726,139.8069503
35.686226,139.8069503
35.687726,139.8069503
35.689226,139.8069503
35.690726,139.8069503
35.692226,139.8069503
35.693726,139.8069503
35.695226,139.8069503
35.696726,139.8069503
35.698226,139.8069503
35.699726,139.8069503
35.701226,139.8069503
35.702726,139.8069503
35.704226,139.8069503
35.705726,139.8069503
35.707226,139.8069503
35.708726,139.8069503
35.710226,139.8069503
35.711726,139.8069503
35.713226,139.8069503
35.714726,139.8069503
35.716226,139.8069503
35.717726,139.8069503
35.653226,139.808797
35.654726,139.808797
35.656226,139.808797
35.657726,139.808797
35.659226,139.808797
35.660726,139.808797
35.662226,139.808797
35.663726,139.808797
35.665226,139.808797
35.666726,139.808797
35.668226,139.808797
35.669726,139.808797
35.671226,139.808797
35.672726,139.808797
35.674226,139.808797
35.675726,139.808797
35.677226,139.808797
35.678726,139.808797
35.680226,139.808797
35.681726,139.808797
35.683226,139.808797
35.684726,139.808797
35.686226,139.808797
35.687726,139.808797
35.689226,139.808797
35.690726,139.808797
35.692226,139.808797
35.693726,139.808797
35.695226,139.808797
35.696726,139.808797
35.698226,139.808797
35.699726,139.808797
35.701226,139.808797
35.702726,139.808797
35.704226,139.808797
35.705726,139.808797
35.707226,139.808797
35.708726,139.808797
35.710226,139.808797
35.711726,139.808797
35.713226,139.808797
35.714726,139.808797
35.716226,139.808797
35.654726,139.8106438
35.656226,139.8106438
35.657726,139.8106438
35.659226,139.8106438
35.660726,139.8106438
35.662226,139.8106438
35.663726,139.8106438
35.665226,139.8106438
35.666726,139.8106438
35.668226,139.8106438
35.669726,139.8106438
35.671226,139.8106438
35.672726,139.8106438
35.674226,139.8106438
35.675726,139.8106438
35.677226,139.8106438
35.678726,139.8106438
35.680226,139.8106438
35.681726,139.8106438
35.683226,139.8106438
35.684726,139.8106438
35.686226,139.8106438
35.687726,139.8106438
35.689226,139.8106438
35.690726,139.8106438
35.692226,139.8106438
35.693726,139.8106438
35.695226,139.8106438
35.696726,139.8106438
35.698226,139.8106438
35.699726,139.8106438
35.701226,139.8106438
35.702726,139.8106438
35.704226,139.8106438
35.705726,139.8106438
35.707226,139.8106438
35.708726,139.8106438
35.710226,139.8106438
35.711726,139.8106438
35.713226,139.8106438
35.657726,139.8124905
35.659226,139.8124905
35.660726,139.8124905
35.662226,139.8124905
35.663726,139.8124905
35.665226,139.8124905
35.666726,139.8124905
35.668226,139.8124905
35.669726,139.8124905
35.671226,139.8124905
35.672726,139.8124905
35.674226,139.8124905
35.675726,139.8124905
35.677226,139.8124905
35.678726,139.8124905
35.680226,139.8124905
35.681726,139.8124905
35.683226,139.8124905
35.684726,139.8124905
35.686226,139.8124905
35.687726,139.8124905
35.689226,139.8124905
35.690726,139.8124905
35.692226,139.8124905
35.693726,139.8124905
35.695226,139.8124905
35.696726,139.8124905
35.698226,139.8124905
35.699726,139.8124905
35.701226,139.8124905
35.702726,139.8124905
35.704226,139.8124905
35.705726,139.8124905
35.707226,139.8124905
35.708726,139.8124905
35.710226,139.8124905
35.711726,139.8124905
35.659226,139.8143372
35.660726,139.8143372
35.662226,139.8143372
35.663726,139.8143372
35.665226,139.8143372
35.666726,139.8143372
35.668226,139.8143372
35.669726,139.8143372
35.671226,139.8143372
35.672726,139.8143372
35.674226,139.8143372
35.675726,139.8143372
35.677226,139.8143372
35.678726,139.8143372
35.680226,139.8143372
35.681726,139.8143372
35.683226,139.8143372
35.684726,139.8143372
35.686226,139.8143372
35.687726,139.8143372
35.689226,139.8143372
35.690726,139.8143372
35.692226,139.8143372
35.693726,139.8143372
35.695226,139.8143372
35.696726,139.8143372
35.698226,139.8143372
35.699726,139.8143372
35.701226,139.8143372
35.702726,139.8143372
35.704226,139.8143372
35.705726,139.8143372
35.707226,139.8143372
35.708726,139.8143372
35.663726,139.816184
35.665226,139.816184
35.666726,139.816184
35.668226,139.816184
35.669726,139.816184
35.671226,139.816184
35.672726,139.816184
35.674226,139.816184
35.675726,139.816184
35.677226,139.816184
35.678726,139.816184
35.680226,139.816184
35.681726,139.816184
35.683226,139.816184
35.684726,139.816184
35.686226,139.816184
35.687726,139.816184
35.689226,139.816184
35.690726,139.816184
35.692226,139.816184
35.693726,139.816184
35.695226,139.816184
35.696726,139.816184
35.698226,139.816184
35.699726,139.816184
35.701226,139.816184
35.702726,139.816184
35.704226,139.816184
35.705726,139.816184
35.666726,139.8180307
35.668226,139.8180307
35.669726,139.8180307
35.671226,139.8180307
35.672726,139.8180307
35.674226,139.8180307
35.675726,139.8180307
35.677226,139.8180307
35.678726,139.8180307
35.680226,139.8180307
35.681726,139.8180307
35.683226,139.8180307
35.684726,139.8180307
35.686226,139.8180307
35.687726,139.8180307
35.689226,139.8180307
35.690726,139.8180307
35.692226,139.8180307
35.693726,139.8180307
35.695226,139.8180307
35.696726,139.8180307
35.698226,139.8180307
35.699726,139.8180307
35.701226,139.8180307
35.671226,139.8198774
35.672726,139.8198774
35.674226,139.8198774
35.675726,139.8198774
35.677226,139.8198774
35.678726,139.8198774
35.680226,139.8198774
35.681726,139.8198774
35.683226,139.8198774
35.684726,139.8198774
35.686226,139.8198774
35.687726,139.8198774
35.689226,139.8198774
35.690726,139.8198774
35.692226,139.8198774
35.693726,139.8198774
35.695226,139.8198774
35.696726,139.8198774
35.680226,139.8217242
35.681726,139.8217242
35.683226,139.8217242
35.684726,139.8217242
35.686226,139.8217242
35.687726,139.8217242
